timestamp,location,institutionType,institutionName,unitName,jobTitle,wardType,dayShiftRatio,dayPeakRatio,eveningShiftRatio,eveningPeakRatio,nightShiftRatio,nightPeakRatio,shiftSystem,eveningAllowanceNonPack,eveningAllowancePack,nightAllowanceNonPack,nightAllowancePack,hasOnCall,onCallPattern,leaderSupport,nonNursingHelp,nonNursingHelpShifts,newbieIndependence,newbieNightShift,dailyOvertime,weeklyHours,overtimePolicy,yearsCurrent,yearsTotal,annualSalary,monthlyBase,annualBonus,specialBenefits,workAtmosphere,promotion,recommendIndex,comment,modComment,modCommentCode,modSpecialBenefits,modSpecialBenefitsCode,modOnCallPattern,modOnCallPatternCode
2025-11-15 15:44,高雄市,醫學中心,長庚醫療財團法人高雄長庚紀念醫院,心智科病房,副護理長,安寧,1:9-10,1:9-10,1:11-12,1:11-12,1:13-15,1:18-19,兩班制,300,無,800,1000,是,平日夜間待命，叫回要 30 分鐘內到院,不佔床，主責行政，少量協助功能性護理,,,3 個月以上,到職 3 個月內,無,55-60,主管判斷,8,12,120,50,18,進修學分補助、國外研討會補助,3,難以升遷,2,工時超長,allow,,allow,,allow,
2025-11-15 12:25,花蓮縣,醫學中心,佛教慈濟醫療財團法人花蓮慈濟醫院,11A 外科病房,N4,外科,1:7-8,1:11-12,1:13-15,1:16-17,1:13-15,1:18-19,混合制,無,250,400,600,是,約兩週輪一次，下班後待命到隔天早上，被叫回一個月約 1-2 次，有 on call 費,佔床（下來當主護），有空協助其他同事,無,,1 個月內,不排夜班,1-2 小時,55-60,一律不給,6,9,137,58,21,,3,普通,2,工時長但待遇可,allow,,,,allow,
2025-11-15,台北市,醫學中心,國立臺灣大學醫學院附設醫院兒童醫院,綜合病房,副護理長,內科,1:9-10,1:9-10,1:13-15,1:18-19,1:13-15,1:18-19,三班制,200,無,400,800,否,,佔床（下來當主護），有空協助其他同事,有,白班（D）、大夜（N）,2-3 個月,3-6 個月,1 小時內,40-45,主管判斷,8,14,127,53,19,,3,機會多,3,案件多但學得快,allow,,,,,
2025-11-15,嘉義市,區域醫院,天主教中華聖母修女會醫療財團法人天主教聖馬爾定醫,安寧病房,N2,安寧,1:6 以下,1:9-10,1:9-10,1:9-10,1:16-17,1:20 以上,兩班制,600,600,1000,600,否,,不佔床，主責行政，少量協助功能性護理,,,,,4 小時,45-50,合理範圍給,7,12,89,37,13,進修學分補助、國外研討會補助,4,機會多,3,加班頻率可接受,allow,,allow,,,
2025-11-15,新北市,地區醫院,新仁醫療社團法人新仁醫院,婦產科病房,N4,兒科,1:9-10,1:13-15,1:13-15,1:18-19,1:13-15,1:18-19,混合制,600,250,400,800,是,,不佔床，主責行政，少量協助功能性護理,,,不一定,到職 3 個月內,1 小時內,50-55,主管判斷,4,7,93,39,14,醫療費用員工優惠,3,普通,2,新人訓練紮實,allow,,allow,,,
2025-11-15,台北市,醫學中心,台灣基督長老教會馬偕醫療財團法人馬偕紀念醫院,精神科病房,N1,綜合（混合科）,1:7-8,1:11-12,1:11-12,1:13-15,1:13-15,1:16-17,三班制,無,600,無,800,是,平日夜間待命，叫回要 30 分鐘內到院,不佔床，需協助功能性護理,有,小夜（E）、大夜（N）,1 個月內,到職 3 個月內,2-3 小時,45-50,一律給,2,7,92,39,14,員工健檢自費項目補助,4,機會多,3,兒科氣氛溫暖,allow,,allow,,allow,
2025-11-15,基隆市,區域醫院,衛生福利部基隆醫院,腎臟內科病房,N3,內科,1:7-8,1:11-12,1:13-15,1:18-19,1:16-17,1:18-19,兩班制,無,300,1000,無,否,,不佔床，主責行政，少量協助功能性護理,,,不一定,到職 3 個月內,,50-55,合理範圍給,8,10,93,39,14,,4,機會多,3,可學到很多技術,allow,,,,,
2025-11-15,台中市,診所,KK 診所,產後病房,N2,外科,1:9-10,1:9-10,1:11-12,1:13-15,1:13-15,1:16-17,兩班制,400,500,600,600,是,,佔床（下來當主護），有空協助其他同事,無,,,6-12 個月,,40-45,合理範圍給,5,8,64,30,10,宿舍（單人房）,3,難以升遷,2,專科氣氛 OK,allow,,allow,,,
2025-11-15,新北市,地區醫院,新北仁康醫院,心臟外科病房,副護理長,外科,1:7-8,1:9-10,1:11-12,1:13-15,1:13-15,1:16-17,三班制,500,500,1000,無,否,,不佔床，主責行政，少量協助功能性護理,,,不一定,6-12 個月,無,40-45,主管判斷,8,11,98,41,15,,3,普通,2,常被臨時調班,allow,,,,,
2025-11-15,桃園市,醫學中心,長庚醫療財團法人林口長庚紀念醫院,11A 外科病房,N2,外科,1:9-10,1:11-12,1:11-12,1:16-17,1:13-15,1:16-17,兩班制,250,無,無,400,否,,不佔床，需協助功能性護理,,,1 個月內,,1 小時內,55-60,一律不給,1,1,107,45,16,,3,難以升遷,2,,,,,,,
2025-11-15,台南市,醫學中心,奇美醫療財團法人奇美醫院及其樹林院區,心智科病房,護理長,婦產科,1:7-8,1:7-8,1:13-15,1:13-15,1:11-12,1:11-12,混合制,無,250,500,500,是,每月輪 3-4 次，被叫回頻率低，沒有 on call 費只能補休,佔床（下來當主護），有空協助其他同事,有,白班（D）,3 個月以上,不排夜班,無,55-60,一律不給,2,2,133,56,20,,4,機會多,3,案件量大但有規矩,allow,,,,allow,
2025-11-14 17:48,台北市,醫學中心,台灣基督長老教會馬偕醫療財團法人馬偕紀念醫院,8B 外科病房,N2,外科,1:7-8,1:9-10,1:11-12,1:16-17,1:13-15,1:18-19,混合制,無,無,1000,1000,否,,不佔床，需協助功能性護理,有,白班（D）、小夜（E）,不一定,到職 3 個月內,2-3 小時,55-60,主管判斷,6,10,113,47,17,,4,機會多,3,加班頻率可接受,allow,,,,,
2025-11-14 16:55,高雄市,區域醫院,阮綜合醫療社團法人阮綜合醫院,8B 外科病房,N2,外科,1:7-8,1:7-8,1:9-10,1:9-10,1:11-12,1:11-12,混合制,500,無,600,500,否,,不佔床，需協助功能性護理,無,,1-2 個月,,2-3 小時,45-50,合理範圍給,7,10,94,39,14,,5,機會多,4,案件多但學得快,allow,,,,,
2025-11-14 11:34,台中市,區域醫院,衛生福利部豐原醫院,婦產科病房,N3,綜合（混合科）,1:7-8,1:7-8,1:13-15,1:16-17,1:13-15,1:18-19,混合制,400,300,800,500,是,假日白天待命，被叫回才算加班費,不佔床，需協助功能性護理,無,,不一定,到職 3 個月內,1 小時內,45-50,合理範圍給,4,6,101,42,15,宿舍（單人房）,5,機會多,4,訓練體系完整,allow,,allow,,allow,
2025-11-14 11:07,新竹縣,區域醫院,國立臺灣大學醫學院附設醫院新竹臺大分院生醫醫院,心臟內科病房,N2,內科,1:6 以下,1:7-8,1:9-10,1:11-12,1:13-15,1:13-15,三班制,500,250,600,1200,是,約兩週輪一次，下班後待命到隔天早上，被叫回一個月約 1-2 次，有 on call 費,不佔床，需協助功能性護理,,,,1 年以上,無,45-50,合理範圍給,8,9,84,35,13,醫療費用員工優惠,5,機會多,4,薪資與制度都優,allow,,allow,,allow,
2025-11-14,台北市,醫學中心,新光醫療財團法人新光吳火獅紀念醫院,綜合病房,N1,綜合（混合科）,1:7-8,1:11-12,1:11-12,1:11-12,1:13-15,1:18-19,三班制,200,無,800,無,是,,不佔床，需協助功能性護理,無,,,,4 小時,45-50,合理範圍給,4,10,94,39,14,,4,普通,4,訓練體系完整,allow,,,,,
2025-11-14,彰化縣,區域醫院,衛生福利部彰化醫院,兒童病房,N3,兒科,1:6 以下,1:7-8,1:9-10,1:11-12,1:13-15,1:18-19,三班制,200,250,無,1000,否,,佔床（下來當主護），有空協助其他同事,有,小夜（E）,不一定,3-6 個月,,45-50,主管判斷,6,9,106,45,16,員工健檢自費項目補助,4,機會多,3,專科氣氛 OK,allow,,allow,,,
2025-11-13 23:28,台南市,區域醫院,臺南市立安南醫院-委託中國醫藥大學興建經營,婦產科病房,N0,綜合（混合科）,1:9-10,1:9-10,1:9-10,1:9-10,1:11-12,1:13-15,混合制,400,250,1200,1200,是,,不佔床，需協助功能性護理,有,白班（D）、小夜（E）、大夜（N）,,不排夜班,無,40-45,主管判斷,7,9,74,31,11,,4,機會多,3,氣氛輕鬆,allow,,,,,
2025-11-13 22:43,苗栗縣,區域醫院,衛生福利部苗栗醫院,8B 外科病房,N1,外科,1:7-8,1:11-12,1:11-12,1:13-15,1:13-15,1:18-19,兩班制,400,250,500,1000,是,假日白天待命，被叫回才算加班費,不佔床，主責行政，少量協助功能性護理,,,,,1-2 小時,45-50,一律給,3,8,79,33,12,進修學分補助、國外研討會補助,3,普通,2,加班沒給,allow,,allow,,allow,
2025-11-13 19:47,新竹市,地區醫院,國泰醫療財團法人新竹國泰綜合醫院,精神科病房,護理長,兒科,1:7-8,1:7-8,1:11-12,1:11-12,1:13-15,1:16-17,三班制,250,300,800,800,否,,不佔床，主責行政，少量協助功能性護理,無,,1 個月內,1 年以上,1-2 小時,45-50,合理範圍給,7,9,111,47,17,,4,機會多,4,主管支持度高,allow,,,,,
2025-11-13 17:50,宜蘭縣,區域醫院,國立陽明交通大學附設醫院及其新民院區,一般病房,N0,綜合（混合科）,1:9-10,1:9-10,1:13-15,1:13-15,1:13-15,1:13-15,三班制,600,400,800,600,否,,佔床（下來當主護），有空協助其他同事,無,,1-2 個月,6-12 個月,無,50-55,一律給,1,1,84,35,13,,2,普通,1,被當打雜,allow,,,,,
2025-11-13 15:24,屏東縣,區域醫院,寶建醫療社團法人寶建醫院,腎臟內科病房,專科護理師,內科,1:9-10,1:13-15,1:13-15,1:16-17,1:13-15,1:16-17,三班制,500,無,無,400,否,,不佔床，需協助功能性護理,,,,,,45-50,主管判斷,8,11,99,42,15,,5,普通,4,排班相對人性化,allow,,,,,
2025-11-13,新竹市,診所,HH 診所,7A 內科病房,N3,內科,1:7-8,1:7-8,1:13-15,1:18-19,1:13-15,1:13-15,三班制,無,250,1200,1200,是,,不佔床，需協助功能性護理,,,,3-6 個月,,45-50,合理範圍給,4,9,73,31,11,,3,普通,2,人力極端不足,allow,,,,,
2025-11-13,台北市,醫學中心,台灣基督長老教會馬偕醫療財團法人馬偕紀念醫院,8B 外科病房,N2,外科,1:7-8,1:9-10,1:11-12,1:11-12,1:13-15,1:13-15,混合制,600,400,1200,1000,是,約兩週輪一次，下班後待命到隔天早上，被叫回一個月約 1-2 次，有 on call 費,不佔床，需協助功能性護理,有,白班（D）,不一定,到職 3 個月內,4 小時,45-50,合理範圍給,6,7,100,42,15,,4,機會多,4,資深領班受重視,allow,,,,allow,
2025-11-13,苗栗縣,診所,KK 診所,心臟內科病房,N1,內科,1:7-8,1:7-8,1:11-12,1:13-15,1:11-12,1:11-12,兩班制,600,無,600,500,否,,佔床（下來當主護），有空協助其他同事,,,3 個月以上,,1 小時內,45-50,一律給,7,8,72,30,11,員工餐廳伙食補助,3,普通,2,專科氣氛 OK,allow,,allow,,,
2025-11-13,高雄市,區域醫院,衛生福利部旗山醫院,產後病房,N3,綜合（混合科）,1:6 以下,1:6 以下,1:13-15,1:18-19,1:13-15,1:18-19,混合制,600,400,400,無,否,,不佔床，主責行政，少量協助功能性護理,有,白班（D）、小夜（E）、大夜（N）,1-2 個月,不排夜班,,50-55,一律給,1,4,100,42,15,醫療費用員工優惠,4,機會多,4,,,,allow,,,
2025-11-12 19:09,台北市,醫學中心,台灣基督長老教會馬偕醫療財團法人馬偕紀念醫院,精神科病房,N0,綜合（混合科）,1:9-10,1:11-12,1:11-12,1:13-15,1:13-15,1:16-17,兩班制,無,250,500,1000,是,約兩週輪一次，下班後待命到隔天早上，被叫回一個月約 1-2 次，有 on call 費,佔床（下來當主護），有空協助其他同事,有,白班（D）、小夜（E）,1 個月內,6-12 個月,無,50-55,合理範圍給,8,14,91,38,14,生日禮金、三節禮券,3,難以升遷,2,加班沒給,allow,,allow,,allow,
2025-11-12 17:38,台中市,區域醫院,童綜合醫療社團法人童綜合醫院及其沙鹿院區,兒童病房,N0,兒科,1:7-8,1:11-12,1:11-12,1:11-12,1:13-15,1:16-17,三班制,600,無,1000,1200,是,,不佔床，需協助功能性護理,,,,,無,45-50,主管判斷,8,9,78,33,12,年度自強活動,3,普通,2,,,,allow,,,
2025-11-12 12:44,新北市,地區醫院,廣川醫院,腎臟內科病房,N0,內科,1:7-8,1:7-8,1:11-12,1:13-15,1:11-12,1:11-12,三班制,200,300,800,600,是,每月輪 3-4 次，被叫回頻率低，沒有 on call 費只能補休,不佔床，需協助功能性護理,有,小夜（E）,1 個月內,不排夜班,1 小時內,50-55,一律給,6,10,60,30,9,,3,難以升遷,2,人力穩定但行政會議多,allow,,,,allow,
2025-11-12 09:24,新北市,醫學中心,台灣基督長老教會馬偕醫療財團法人淡水馬偕紀念醫院,心臟外科病房,N1,外科,1:7-8,1:9-10,1:13-15,1:18-19,1:13-15,1:13-15,三班制,500,無,無,600,是,每月輪 3-4 次，被叫回頻率低，沒有 on call 費只能補休,佔床（下來當主護），有空協助其他同事,有,白班（D）、小夜（E）、大夜（N）,,,1 小時內,45-50,合理範圍給,4,10,100,42,15,,4,普通,3,工時長但待遇可,allow,,,,allow,
2025-11-12,台北市,醫學中心,新光醫療財團法人新光吳火獅紀念醫院,5A 內科病房,N2,內科,1:7-8,1:7-8,1:11-12,1:11-12,1:13-15,1:18-19,混合制,無,600,無,1000,是,,不佔床，需協助功能性護理,無,,不一定,到職 3 個月內,,45-50,一律給,8,8,109,46,16,,4,機會多,4,可學到很多技術,allow,,,,,
2025-11-12,台北市,區域醫院,國立臺灣大學醫學院附設醫院癌醫中心分院,心臟外科病房,N1,外科,1:7-8,1:11-12,1:9-10,1:13-15,1:13-15,1:16-17,兩班制,500,500,1000,1200,是,,不佔床，主責行政，少量協助功能性護理,有,大夜（N）,1 個月內,到職 3 個月內,,45-50,一律給,7,11,89,37,13,,4,機會多,4,,,,,,,
2025-11-11 21:28,台中市,醫學中心,中國醫藥大學附設醫院,緩和醫療病房,N3,安寧,1:9-10,1:11-12,1:11-12,1:13-15,1:13-15,1:16-17,兩班制,500,600,1200,1000,否,,不佔床，主責行政，少量協助功能性護理,有,小夜（E）、大夜（N）,2-3 個月,不排夜班,4 小時,40-45,主管判斷,8,10,117,49,18,生日禮金、三節禮券,4,普通,4,訓練體系完整,allow,,allow,,,
2025-11-11 19:41,屏東縣,區域醫院,寶建醫療社團法人寶建醫院,嬰兒室,副護理長,兒科,1:7-8,1:9-10,1:13-15,1:13-15,1:13-15,1:16-17,三班制,500,300,1200,500,是,平日夜間待命，叫回要 30 分鐘內到院,不佔床，主責行政，少量協助功能性護理,無,,3 個月以上,6-12 個月,1 小時內,45-50,合理範圍給,7,9,113,47,17,,4,機會多,4,兒科氣氛溫暖,allow,,,,allow,
2025-11-11 19:39,台北市,區域醫院,國立臺灣大學醫學院附設醫院癌醫中心分院,6C 內科病房,副護理長,內科,1:7-8,1:7-8,1:11-12,1:16-17,1:11-12,1:13-15,混合制,無,500,800,500,否,,佔床（下來當主護），有空協助其他同事,有,白班（D）、小夜（E）,1 個月內,3-6 個月,2-3 小時,50-55,一律給,2,2,109,46,16,宿舍（單人房）,4,機會多,4,案件多但學得快,allow,,allow,,,
2025-11-11 10:22,新北市,醫學中心,衛生福利部雙和醫院(委託臺北醫學大學興建經營),一般病房,N1,內科,1:6 以下,1:6 以下,1:11-12,1:16-17,1:13-15,1:18-19,三班制,無,500,1000,400,否,,不佔床，需協助功能性護理,無,,2-3 個月,到職 3 個月內,,45-50,一律給,3,6,96,40,14,年度自強活動,3,機會多,3,資深領班受重視,allow,,allow,,,
2025-11-11,高雄市,地區醫院,信義醫療財團法人高雄基督教醫院,兒童病房,專科護理師,兒科,1:6 以下,1:7-8,1:13-15,1:13-15,1:13-15,1:18-19,混合制,400,600,800,400,是,,佔床（下來當主護），有空協助其他同事,,,1 個月內,,,40-45,合理範圍給,1,1,94,39,14,宿舍（單人房）,4,普通,3,可學到很多技術,allow,,allow,,,
2025-11-11,新北市,區域醫院,新北市立聯合醫院及其板橋院區,心臟內科病房,N3,內科,1:7-8,1:11-12,1:9-10,1:9-10,1:13-15,1:16-17,混合制,600,200,400,600,是,,不佔床，需協助功能性護理,,,3 個月以上,1 年以上,1-2 小時,40-45,主管判斷,1,4,98,41,15,進修學分補助、國外研討會補助,3,難以升遷,2,人力嚴重不足,allow,,allow,,,
2025-11-11,彰化縣,醫學中心,彰化基督教醫療財團法人彰化基督教兒童醫院,神經外科病房,N0,外科,1:6 以下,1:6 以下,1:13-15,1:18-19,1:13-15,1:13-15,混合制,無,250,500,無,是,平日夜間待命，叫回要 30 分鐘內到院,不佔床，需協助功能性護理,有,白班（D）、小夜（E）,,1 年以上,4 小時,45-50,合理範圍給,6,9,92,39,14,,4,機會多,4,,,,,,allow,
2025-11-11,彰化縣,醫學中心,彰化基督教醫療財團法人彰化基督教兒童醫院,10B 內科病房,N2,內科,1:6 以下,1:7-8,1:11-12,1:16-17,1:11-12,1:16-17,混合制,600,250,1200,600,是,約兩週輪一次，下班後待命到隔天早上，被叫回一個月約 1-2 次，有 on call 費,佔床（下來當主護），有空協助其他同事,,,不一定,3-6 個月,2-3 小時,40-45,主管判斷,6,6,105,44,16,,4,機會多,4,排班相對人性化,allow,,,,allow,
2025-11-11,台北市,醫學中心,台灣基督長老教會馬偕醫療財團法人馬偕兒童醫院,5A 內科病房,N4,內科,1:7-8,1:9-10,1:11-12,1:11-12,1:13-15,1:13-15,混合制,200,200,400,600,否,,不佔床，主責行政，少量協助功能性護理,無,,,,4 小時,45-50,主管判斷,1,6,129,54,19,托兒補助,3,普通,3,,,,allow,,,
2025-11-11,台南市,醫學中心,奇美醫療財團法人奇美醫院及其樹林院區,6C 內科病房,N1,內科,1:9-10,1:11-12,1:13-15,1:16-17,1:11-12,1:13-15,兩班制,無,400,400,1000,否,,不佔床，需協助功能性護理,,,1-2 個月,不排夜班,無,50-55,主管判斷,4,9,97,41,15,,4,普通,4,專科很強值得待,allow,,,,,
2025-11-11,宜蘭縣,診所,KK 診所,一般病房,N4,內科,1:9-10,1:13-15,1:13-15,1:13-15,1:13-15,1:18-19,兩班制,400,200,1000,600,是,約兩週輪一次，下班後待命到隔天早上，被叫回一個月約 1-2 次，有 on call 費,不佔床，主責行政，少量協助功能性護理,無,,2-3 個月,1 年以上,2-3 小時,50-55,合理範圍給,3,7,89,37,13,托兒補助,3,普通,2,,,,allow,,allow,
2025-11-11,台北市,醫學中心,三軍總醫院附設民眾診療服務處及其汀州院區,9A 外科病房,N3,外科,1:7-8,1:11-12,1:13-15,1:16-17,1:16-17,1:18-19,混合制,250,300,800,1200,否,,佔床（下來當主護），有空協助其他同事,無,,3 個月以上,,4 小時,40-45,合理範圍給,4,5,110,46,17,,4,機會多,3,安寧團隊互相 support,allow,,,,,
2025-11-11,台北市,醫學中心,臺北榮民總醫院,骨科病房,N0,外科,1:7-8,1:9-10,1:11-12,1:16-17,1:11-12,1:13-15,三班制,600,無,無,1000,是,,佔床（下來當主護），有空協助其他同事,,,1-2 個月,,無,50-55,合理範圍給,5,8,88,37,13,醫療費用員工優惠,3,機會多,3,同事關係好,allow,,allow,,,
2025-11-11,台北市,醫學中心,長庚醫療財團法人台北長庚紀念醫院,嬰兒室,N1,兒科,1:6 以下,1:7-8,1:11-12,1:11-12,1:13-15,1:18-19,兩班制,300,250,1000,1200,否,,不佔床，主責行政，少量協助功能性護理,有,白班（D）、小夜（E）、大夜（N）,,到職 3 個月內,,50-55,合理範圍給,7,8,104,44,16,托兒補助,5,機會多,5,訓練體系完整,allow,,allow,,,
2025-11-10 15:46,台北市,醫學中心,國立台灣大學醫學院附設醫院,骨科病房,N2,外科,1:9-10,1:11-12,1:11-12,1:11-12,1:13-15,1:13-15,兩班制,無,200,600,500,否,,不佔床，需協助功能性護理,無,,不一定,,,45-50,主管判斷,8,8,97,41,15,員工餐廳伙食補助,4,機會多,3,案件多但學得快,allow,,allow,,,
2025-11-10 13:35,新竹縣,區域醫院,國立臺灣大學醫學院附設醫院新竹臺大分院生醫醫院,7A 內科病房,副護理長,內科,1:7-8,1:7-8,1:13-15,1:18-19,1:11-12,1:13-15,混合制,250,250,1200,500,是,每月輪 3-4 次，被叫回頻率低，沒有 on call 費只能補休,佔床（下來當主護），有空協助其他同事,,,1 個月內,不排夜班,1-2 小時,50-55,一律給,4,5,112,47,17,,4,普通,4,,,,,,allow,
2025-11-10 11:40,南投縣,區域醫院,衛生福利部南投醫院及其中興院區,綜合病房,護理長,安寧,1:6 以下,1:6 以下,1:11-12,1:11-12,1:13-15,1:16-17,三班制,400,300,800,無,是,平日夜間待命，叫回要 30 分鐘內到院,不佔床，需協助功能性護理,無,,3 個月以上,不排夜班,2-3 小時,50-55,主管判斷,5,6,125,53,19,,3,難以升遷,2,主管常 stand-by 不夠,allow,,,,allow,
2025-11-10 10:46,新竹市,醫學中心,國立臺灣大學醫學院附設醫院新竹臺大分院新竹醫院,心臟內科病房,N3,內科,1:7-8,1:9-10,1:9-10,1:13-15,1:13-15,1:18-19,兩班制,250,250,400,600,否,,佔床（下來當主護），有空協助其他同事,,,1 個月內,1 年以上,4 小時,40-45,一律給,1,2,122,51,18,員工旅遊補助,3,難以升遷,2,,,,allow,,,
2025-11-10,彰化縣,醫學中心,彰化基督教醫療財團法人彰化基督教醫院,心臟外科病房,N2,外科,1:7-8,1:7-8,1:11-12,1:13-15,1:13-15,1:18-19,兩班制,無,500,500,1000,是,假日白天待命，被叫回才算加班費,不佔床，主責行政，少量協助功能性護理,,,,到職 3 個月內,無,45-50,合理範圍給,8,12,101,42,15,,3,機會多,3,,,,,,allow,
2025-11-10,台南市,地區醫院,衛生福利部臺南醫院新化分院,腸胃內科病房,N2,內科,1:9-10,1:13-15,1:11-12,1:11-12,1:11-12,1:13-15,三班制,200,300,600,1000,否,,不佔床，需協助功能性護理,,,1 個月內,,4 小時,55-60,主管判斷,5,7,68,30,10,宿舍（單人房）,3,難以升遷,2,上次那個 32 床肝癌末期的阿伯家屬一直來吵，護理師被罵到哭。,block,病人個案資訊,allow,,,
2025-11-10,嘉義市,區域醫院,戴德森醫療財團法人嘉義基督教醫院,安寧病房,N2,安寧,1:7-8,1:11-12,1:13-15,1:13-15,1:11-12,1:11-12,三班制,400,200,無,500,否,,不佔床，主責行政，少量協助功能性護理,有,小夜（E）、大夜（N）,不一定,,4 小時,45-50,一律給,7,11,89,37,13,年度自強活動,2,普通,1,常被臨時調班,allow,,allow,,,
2025-11-10,基隆市,地區醫院,新昆明醫院,12A 內科病房,護理長,內科,1:6 以下,1:6 以下,1:11-12,1:11-12,1:13-15,1:18-19,三班制,400,200,800,500,是,,不佔床，需協助功能性護理,有,白班（D）、小夜（E）,3 個月以上,不排夜班,,50-55,一律給,3,6,108,45,16,員工餐廳伙食補助,3,普通,2,,,,allow,,,
2025-11-10,台中市,醫學中心,中國醫藥大學附設醫院,腎臟內科病房,N4,內科,1:7-8,1:11-12,1:9-10,1:11-12,1:16-17,1:16-17,兩班制,600,300,800,無,是,假日白天待命，被叫回才算加班費,不佔床，主責行政，少量協助功能性護理,無,,1-2 個月,不排夜班,無,50-55,合理範圍給,1,4,132,55,20,,4,機會多,4,專科很強值得待,allow,,,,allow,
2025-11-09 14:53,台中市,醫學中心,中山醫學大學附設醫院,安寧病房,N3,安寧,1:6 以下,1:9-10,1:13-15,1:16-17,1:16-17,1:20 以上,混合制,600,600,1200,400,是,約兩週輪一次，下班後待命到隔天早上，被叫回一個月約 1-2 次，有 on call 費,佔床（下來當主護），有空協助其他同事,無,,不一定,,1-2 小時,50-55,合理範圍給,4,7,120,50,18,,4,普通,4,,,,,,allow,
2025-11-09,桃園市,地區醫院,龍潭敏盛醫院,6C 內科病房,副護理長,內科,1:7-8,1:9-10,1:13-15,1:13-15,1:11-12,1:11-12,兩班制,無,200,1000,600,是,假日白天待命，被叫回才算加班費,不佔床，需協助功能性護理,無,,2-3 個月,到職 3 個月內,無,50-55,合理範圍給,2,3,101,42,15,醫療費用員工優惠,4,機會多,4,排班相對人性化,allow,,allow,,allow,
2025-11-09,高雄市,醫學中心,高雄榮民總醫院,兒童病房,N1,兒科,1:9-10,1:11-12,1:13-15,1:18-19,1:13-15,1:16-17,混合制,200,300,500,800,否,,不佔床，主責行政，少量協助功能性護理,無,,,不排夜班,,45-50,合理範圍給,6,10,101,42,15,宿舍（單人房）,3,難以升遷,2,,,,allow,,,
2025-11-09,台北市,醫學中心,台灣基督長老教會馬偕醫療財團法人馬偕兒童醫院,心臟外科病房,N3,外科,1:9-10,1:13-15,1:13-15,1:16-17,1:13-15,1:18-19,三班制,400,400,800,無,否,,佔床（下來當主護），有空協助其他同事,,,,不排夜班,1 小時內,40-45,一律給,6,7,107,45,16,,4,機會多,4,,,,,,,
2025-11-08 23:40,雲林縣,地區醫院,天主教若瑟醫療財團法人若瑟醫院,6C 內科病房,N2,內科,1:9-10,1:9-10,1:11-12,1:16-17,1:13-15,1:18-19,兩班制,300,200,1200,無,否,,佔床（下來當主護），有空協助其他同事,有,大夜（N）,不一定,,1 小時內,45-50,一律給,7,7,67,30,10,生日禮金、三節禮券,4,普通,4,同事關係好,allow,,allow,,,
2025-11-08 20:41,台中市,地區醫院,勝美醫院,9A 外科病房,N2,外科,1:7-8,1:9-10,1:13-15,1:16-17,1:13-15,1:18-19,兩班制,600,600,600,800,否,,不佔床，需協助功能性護理,無,,1 個月內,1 年以上,1-2 小時,55-60,一律不給,3,8,68,30,10,,3,普通,1,人力過勞且無加班費,allow,,,,,
2025-11-08 19:51,台北市,區域醫院,臺北市立聯合醫院和平婦幼院區及其婦幼院區,8B 外科病房,N1,外科,1:7-8,1:7-8,1:13-15,1:16-17,1:13-15,1:16-17,三班制,無,300,1200,無,是,假日白天待命，被叫回才算加班費,佔床（下來當主護），有空協助其他同事,無,,1-2 個月,不排夜班,1 小時內,40-45,合理範圍給,5,6,92,39,14,,4,普通,4,,,,,,allow,
2025-11-08,宜蘭縣,區域醫院,醫療財團法人羅許基金會羅東博愛醫院,11A 外科病房,護理長,外科,1:9-10,1:9-10,1:9-10,1:13-15,1:16-17,1:16-17,混合制,500,無,600,400,是,假日白天待命，被叫回才算加班費,不佔床，需協助功能性護理,無,,1 個月內,到職 3 個月內,1-2 小時,40-45,合理範圍給,6,8,121,51,18,,3,機會多,3,新人訓練紮實,allow,,,,allow,
2025-11-08,桃園市,地區醫院,天祥醫院,安寧病房,N1,安寧,1:6 以下,1:7-8,1:13-15,1:13-15,1:16-17,1:16-17,兩班制,500,250,500,無,是,約兩週輪一次，下班後待命到隔天早上，被叫回一個月約 1-2 次，有 on call 費,不佔床，主責行政，少量協助功能性護理,有,大夜（N）,不一定,到職 3 個月內,1 小時內,55-60,主管判斷,5,10,71,30,11,宿舍（單人房）,2,難以升遷,1,人力嚴重不足,allow,,allow,,allow,
2025-11-08,台中市,區域醫院,光田醫療社團法人光田綜合醫院及其大甲院區,心臟外科病房,N4,外科,1:6 以下,1:6 以下,1:11-12,1:13-15,1:13-15,1:18-19,兩班制,300,200,1200,無,是,假日白天待命，被叫回才算加班費,不佔床，主責行政，少量協助功能性護理,無,,1-2 個月,,1 小時內,55-60,一律不給,2,5,123,52,18,進修學分補助、國外研討會補助,3,普通,2,常被臨時調班,allow,,allow,,allow,
2025-11-08,台北市,區域醫院,臺北市立聯合醫院陽明院區,心臟外科病房,N1,外科,1:9-10,1:11-12,1:9-10,1:11-12,1:13-15,1:16-17,三班制,200,無,800,800,否,,不佔床，需協助功能性護理,,,3 個月以上,3-6 個月,,45-50,一律給,4,10,90,38,14,員工餐廳伙食補助,4,機會多,4,同事關係好,allow,,allow,,,
2025-11-08,彰化縣,地區醫院,員榮醫療社團法人員榮醫院及其員生院區,10B 內科病房,N3,內科,1:9-10,1:9-10,1:13-15,1:13-15,1:13-15,1:16-17,三班制,400,300,600,無,是,每月輪 3-4 次，被叫回頻率低，沒有 on call 費只能補休,不佔床，主責行政，少量協助功能性護理,無,,,,2-3 小時,50-55,主管判斷,5,8,82,34,12,,5,普通,4,排班相對人性化,allow,,,,allow,
2025-11-07 20:00,台中市,區域醫院,澄清綜合醫院中港分院,12A 內科病房,護理長,內科,1:9-10,1:9-10,1:9-10,1:9-10,1:13-15,1:18-19,兩班制,無,250,800,1200,否,,不佔床，需協助功能性護理,有,白班（D）、小夜（E）、大夜（N）,3 個月以上,1 年以上,2-3 小時,55-60,主管判斷,4,10,124,52,19,,4,普通,3,氣氛輕鬆,allow,,,,,
2025-11-07 19:18,新北市,地區醫院,中祥醫院,骨科病房,N1,外科,1:6 以下,1:7-8,1:9-10,1:13-15,1:13-15,1:13-15,混合制,300,200,400,500,否,,不佔床，需協助功能性護理,有,白班（D）,不一定,,4 小時,45-50,主管判斷,6,6,70,30,11,員工餐廳伙食補助,4,機會多,3,,,,allow,,,
2025-11-07 12:35,彰化縣,醫學中心,彰化基督教醫療財團法人彰化基督教醫院,心臟外科病房,N2,外科,1:7-8,1:9-10,1:11-12,1:16-17,1:13-15,1:18-19,兩班制,200,500,無,1200,是,,不佔床，主責行政，少量協助功能性護理,,,,,,45-50,合理範圍給,3,3,99,42,15,醫療費用員工優惠,3,普通,3,薪資與制度都優,allow,,allow,,,
2025-11-07 12:31,屏東縣,地區醫院,安和醫療社團法人安和醫院,7A 內科病房,N2,內科,1:6 以下,1:9-10,1:11-12,1:11-12,1:13-15,1:18-19,三班制,250,600,1000,1000,是,每月輪 3-4 次，被叫回頻率低，沒有 on call 費只能補休,佔床（下來當主護），有空協助其他同事,,,1 個月內,,,55-60,一律不給,3,9,74,31,11,員工健檢自費項目補助,3,難以升遷,2,加班沒給,allow,,allow,,allow,
2025-11-07,新北市,醫學中心,衛生福利部雙和醫院(委託臺北醫學大學興建經營),骨科病房,N3,外科,1:7-8,1:9-10,1:11-12,1:13-15,1:16-17,1:16-17,三班制,600,300,500,600,是,平日夜間待命，叫回要 30 分鐘內到院,佔床（下來當主護），有空協助其他同事,有,白班（D）、小夜（E）、大夜（N）,1 個月內,6-12 個月,無,55-60,主管判斷,4,5,118,50,18,宿舍（單人房）,4,機會多,3,,,,allow,,allow,
2025-11-07,台南市,區域醫院,奇美醫療財團法人柳營奇美醫院,10B 內科病房,N1,內科,1:6 以下,1:6 以下,1:11-12,1:11-12,1:13-15,1:16-17,混合制,無,無,600,1200,是,每月輪 3-4 次，被叫回頻率低，沒有 on call 費只能補休,不佔床，需協助功能性護理,無,,2-3 個月,3-6 個月,,50-55,合理範圍給,1,7,89,37,13,員工餐廳伙食補助,5,機會多,4,主管支持度高,allow,,allow,,allow,
2025-11-07,台中市,地區醫院,賢德醫院及其樹孝院區,兒童病房,N2,兒科,1:9-10,1:13-15,1:13-15,1:16-17,1:11-12,1:16-17,混合制,200,無,500,無,否,,佔床（下來當主護），有空協助其他同事,有,小夜（E）、大夜（N）,3 個月以上,,,45-50,合理範圍給,5,9,67,30,10,年度自強活動,3,機會多,3,新人訓練紮實,allow,,allow,,,
2025-11-06 20:06,高雄市,醫學中心,高雄榮民總醫院,兒童病房,N1,兒科,1:7-8,1:9-10,1:11-12,1:13-15,1:16-17,1:16-17,兩班制,400,200,無,1200,否,,佔床（下來當主護），有空協助其他同事,,,1 個月內,不排夜班,,40-45,合理範圍給,1,7,94,39,14,年度自強活動,3,難以升遷,2,,,,allow,,,
2025-11-06 17:37,台北市,醫學中心,長庚醫療財團法人台北長庚紀念醫院,5A 內科病房,N2,內科,1:7-8,1:7-8,1:11-12,1:11-12,1:13-15,1:16-17,三班制,600,300,500,1000,否,,佔床（下來當主護），有空協助其他同事,有,大夜（N）,3 個月以上,,2-3 小時,50-55,一律給,8,10,113,47,17,員工旅遊補助,4,普通,3,,,,allow,,,
2025-11-06 09:39,高雄市,地區醫院,杏和醫院,腸胃內科病房,N2,內科,1:9-10,1:9-10,1:11-12,1:16-17,1:13-15,1:16-17,三班制,250,200,無,1200,是,,不佔床，需協助功能性護理,無,,1-2 個月,,1 小時內,40-45,合理範圍給,2,3,69,30,10,,3,機會多,3,,,,,,,
2025-11-06,彰化縣,區域醫院,秀傳醫療財團法人彰濱秀傳紀念醫院,7A 內科病房,N1,內科,1:9-10,1:11-12,1:11-12,1:11-12,1:13-15,1:16-17,三班制,250,無,400,無,否,,不佔床，主責行政，少量協助功能性護理,無,,1-2 個月,到職 3 個月內,2-3 小時,45-50,一律給,3,8,86,36,13,生日禮金、三節禮券,4,普通,3,,,,allow,,,
2025-11-06,台中市,醫學中心,中國醫藥大學兒童醫院,腸胃內科病房,N2,內科,1:7-8,1:11-12,1:13-15,1:13-15,1:13-15,1:16-17,混合制,300,200,800,600,是,,不佔床，需協助功能性護理,無,,1 個月內,,,55-60,一律不給,1,5,110,46,17,,2,普通,1,被當打雜,allow,,,,,
2025-11-06,新北市,醫學中心,醫療財團法人徐元智先生醫藥基金會亞東紀念醫院,12A 內科病房,N3,內科,1:6 以下,1:9-10,1:13-15,1:18-19,1:13-15,1:13-15,混合制,500,200,400,500,是,,不佔床，需協助功能性護理,,,不一定,,無,45-50,合理範圍給,7,7,117,49,18,員工旅遊補助,3,普通,2,,,,allow,,,
2025-11-06,高雄市,醫學中心,財團法人私立高雄醫學大學附設中和紀念醫院,腎臟內科病房,副護理長,內科,1:9-10,1:11-12,1:11-12,1:16-17,1:13-15,1:18-19,兩班制,250,400,1000,1000,是,每月輪 3-4 次，被叫回頻率低，沒有 on call 費只能補休,不佔床，主責行政，少量協助功能性護理,,,不一定,到職 3 個月內,2-3 小時,50-55,主管判斷,4,9,124,52,19,年度自強活動,3,機會多,3,專科氣氛 OK,allow,,allow,,allow,
2025-11-05,彰化縣,醫學中心,彰化基督教醫療財團法人彰化基督教兒童醫院,兒科病房,N4,兒科,1:7-8,1:7-8,1:9-10,1:13-15,1:13-15,1:13-15,兩班制,300,300,600,1200,否,,不佔床，需協助功能性護理,,,3 個月以上,6-12 個月,,45-50,一律給,2,8,124,52,19,,3,難以升遷,2,主管偏心嚴重,allow,,,,,
2025-11-05,台中市,地區醫院,澄清復健醫院,腎臟內科病房,N3,內科,1:7-8,1:7-8,1:9-10,1:9-10,1:11-12,1:11-12,三班制,500,400,600,1200,是,約兩週輪一次，下班後待命到隔天早上，被叫回一個月約 1-2 次，有 on call 費,佔床（下來當主護），有空協助其他同事,,,不一定,6-12 個月,1 小時內,55-60,一律不給,4,9,81,34,12,年度自強活動,4,機會多,4,團隊互助強,allow,,allow,,allow,
2025-11-05,台中市,區域醫院,童綜合醫療社團法人童綜合醫院及其沙鹿院區,一般病房,N3,內科,1:9-10,1:13-15,1:11-12,1:13-15,1:11-12,1:16-17,兩班制,250,600,500,1200,是,約兩週輪一次，下班後待命到隔天早上，被叫回一個月約 1-2 次，有 on call 費,不佔床，主責行政，少量協助功能性護理,,,,,1-2 小時,45-50,主管判斷,1,2,92,39,14,,4,機會多,4,安寧團隊互相 support,allow,,,,allow,
2025-11-05,高雄市,地區醫院,文雄醫院,6C 內科病房,N1,內科,1:9-10,1:9-10,1:13-15,1:16-17,1:13-15,1:13-15,混合制,無,250,800,無,否,,不佔床，主責行政，少量協助功能性護理,無,,1-2 個月,到職 3 個月內,2-3 小時,50-55,主管判斷,5,5,77,32,12,員工旅遊補助,4,機會多,3,兒科氣氛溫暖,allow,,allow,,,
2025-11-05,桃園市,區域醫院,國軍桃園總醫院附設民眾診療服務處,骨科病房,護理長,外科,1:9-10,1:9-10,1:11-12,1:16-17,1:13-15,1:13-15,混合制,無,250,1200,1000,是,平日夜間待命，叫回要 30 分鐘內到院,不佔床，主責行政，少量協助功能性護理,有,白班（D）、小夜（E）、大夜（N）,,3-6 個月,2-3 小時,40-45,合理範圍給,4,9,124,52,19,進修學分補助、國外研討會補助,3,普通,3,可學到很多技術,allow,,allow,,allow,
2025-11-05,台北市,地區醫院,景美醫院,12A 內科病房,N1,內科,1:6 以下,1:7-8,1:9-10,1:11-12,1:13-15,1:13-15,三班制,300,300,400,1200,否,,不佔床，需協助功能性護理,,,1 個月內,不排夜班,2-3 小時,45-50,合理範圍給,4,4,74,31,11,生日禮金、三節禮券,3,普通,2,工時長到爆,allow,,allow,,,
2025-11-05,高雄市,地區醫院,秀傳醫療社團法人高雄秀傳紀念醫院,兒科病房,N0,兒科,1:9-10,1:13-15,1:11-12,1:13-15,1:13-15,1:16-17,三班制,300,250,800,無,否,,佔床（下來當主護），有空協助其他同事,有,白班（D）,,到職 3 個月內,2-3 小時,40-45,主管判斷,5,8,64,30,10,宿舍（單人房）,4,普通,4,安寧團隊互相 support,allow,,allow,,,
2025-11-05,桃園市,區域醫院,衛生福利部桃園醫院,兒科病房,副護理長,兒科,1:7-8,1:9-10,1:9-10,1:13-15,1:13-15,1:18-19,混合制,200,600,600,無,是,假日白天待命，被叫回才算加班費,佔床（下來當主護），有空協助其他同事,有,白班（D）,1-2 個月,到職 3 個月內,,50-55,一律給,2,6,105,44,16,托兒補助,5,普通,5,同事關係好,allow,,allow,,allow,
2025-11-04 21:57,屏東縣,區域醫院,屏基醫療財團法人屏東基督教醫院及其瑞光院區,9A 外科病房,N4,外科,1:7-8,1:7-8,1:9-10,1:11-12,1:13-15,1:16-17,三班制,500,600,1000,1200,是,,不佔床，主責行政，少量協助功能性護理,有,白班（D）、小夜（E）,,,1 小時內,40-45,合理範圍給,2,5,107,45,16,,5,機會多,4,薪資與制度都優,allow,,,,,
2025-11-04 15:34,台中市,區域醫院,澄清綜合醫院中港分院,心臟外科病房,N1,外科,1:9-10,1:13-15,1:13-15,1:18-19,1:11-12,1:13-15,混合制,無,600,600,500,是,平日夜間待命，叫回要 30 分鐘內到院,不佔床，主責行政，少量協助功能性護理,,,3 個月以上,3-6 個月,1-2 小時,45-50,一律給,2,8,93,39,14,員工旅遊補助,3,機會多,3,專科氣氛 OK,allow,,allow,,allow,
2025-11-04 14:30,台北市,醫學中心,臺北市立萬芳醫院-委託臺北醫學大學辦理,5A 內科病房,護理長,內科,1:7-8,1:9-10,1:13-15,1:13-15,1:13-15,1:16-17,混合制,600,250,800,1000,是,,佔床（下來當主護），有空協助其他同事,無,,,不排夜班,,40-45,一律給,1,2,136,57,20,,3,機會多,3,加班頻率可接受,allow,,,,,
2025-11-04 14:28,台北市,區域醫院,臺北市立聯合醫院中興院區,7A 內科病房,護理長,內科,1:7-8,1:11-12,1:9-10,1:11-12,1:16-17,1:18-19,混合制,500,300,600,400,否,,不佔床，主責行政，少量協助功能性護理,,,,不排夜班,1-2 小時,50-55,合理範圍給,2,8,122,51,18,,4,普通,3,專科很強值得待,allow,,,,,
2025-11-04,台北市,醫學中心,台灣基督長老教會馬偕醫療財團法人馬偕兒童醫院,10B 內科病房,N3,內科,1:7-8,1:9-10,1:11-12,1:11-12,1:13-15,1:16-17,混合制,400,600,800,400,是,,不佔床，需協助功能性護理,,,,3-6 個月,1 小時內,55-60,一律不給,8,8,123,52,18,托兒補助,3,普通,1,leader 形同虛設,allow,,allow,,,
2025-11-04,新北市,醫學中心,佛教慈濟醫療財團法人台北慈濟醫院,9A 外科病房,N2,外科,1:9-10,1:11-12,1:11-12,1:16-17,1:11-12,1:11-12,三班制,250,500,500,800,是,,不佔床，需協助功能性護理,有,小夜（E）、大夜（N）,3 個月以上,6-12 個月,無,45-50,合理範圍給,6,7,97,41,15,,4,機會多,5,案件多但學得快,allow,,,,,
2025-11-04,嘉義市,區域醫院,臺中榮民總醫院嘉義分院,心臟內科病房,專科護理師,內科,1:7-8,1:7-8,1:11-12,1:16-17,1:13-15,1:18-19,混合制,200,300,600,800,是,平日夜間待命，叫回要 30 分鐘內到院,不佔床，主責行政，少量協助功能性護理,無,,不一定,1 年以上,2-3 小時,55-60,一律不給,4,4,111,47,17,,3,難以升遷,2,案件量大但有規矩,allow,,,,allow,
2025-11-04,台中市,醫學中心,中國醫藥大學兒童醫院,心臟外科病房,N3,外科,1:9-10,1:13-15,1:13-15,1:16-17,1:11-12,1:16-17,兩班制,200,600,400,無,是,平日夜間待命，叫回要 30 分鐘內到院,不佔床，主責行政，少量協助功能性護理,,,2-3 個月,1 年以上,4 小時,55-60,一律不給,5,9,122,51,18,醫療費用員工優惠,4,機會多,3,可學到很多技術,allow,,allow,,allow,
2025-11-04,桃園市,地區醫院,新永和醫院,一般病房,N2,婦產科,1:9-10,1:9-10,1:11-12,1:11-12,1:11-12,1:13-15,混合制,500,500,1000,500,是,,不佔床，需協助功能性護理,,,1-2 個月,3-6 個月,,50-55,合理範圍給,6,7,80,34,12,員工健檢自費項目補助,3,普通,2,,,,allow,,,
2025-11-04,彰化縣,地區醫院,員林何醫院,心智科病房,專科護理師,婦產科,1:7-8,1:9-10,1:13-15,1:13-15,1:13-15,1:18-19,兩班制,600,600,無,1000,否,,不佔床，需協助功能性護理,,,,1 年以上,4 小時,50-55,一律給,3,9,90,38,14,,3,難以升遷,2,主管管太細,allow,,,,,
2025-11-04,台中市,醫學中心,中國醫藥大學兒童醫院,綜合病房,N2,兒科,1:9-10,1:11-12,1:13-15,1:13-15,1:13-15,1:18-19,兩班制,400,500,500,600,否,,佔床（下來當主護），有空協助其他同事,有,白班（D）、小夜（E）、大夜（N）,2-3 個月,,無,45-50,主管判斷,1,6,105,44,16,,4,機會多,3,,,,,,,
2025-11-03 22:29,台中市,區域醫院,澄清綜合醫院中港分院,心智科病房,N2,內科,1:7-8,1:7-8,1:11-12,1:11-12,1:16-17,1:20 以上,混合制,500,無,600,無,否,,不佔床，主責行政，少量協助功能性護理,有,小夜（E）、大夜（N）,1-2 個月,不排夜班,2-3 小時,45-50,主管判斷,3,7,82,34,12,,4,普通,3,團隊互助強,allow,,,,,
2025-11-03 14:23,新北市,地區醫院,蕙生醫院,12A 內科病房,專科護理師,內科,1:7-8,1:7-8,1:11-12,1:13-15,1:13-15,1:13-15,兩班制,無,無,800,600,否,,不佔床，需協助功能性護理,無,,1-2 個月,,4 小時,55-60,一律不給,6,7,96,40,14,醫療費用員工優惠,2,普通,1,沒人沒錢沒尊重,allow,,allow,,,
2025-11-03,台中市,地區醫院,澄清復健醫院,12A 內科病房,N0,內科,1:7-8,1:9-10,1:9-10,1:13-15,1:16-17,1:18-19,混合制,無,500,400,400,否,,不佔床，需協助功能性護理,無,,3 個月以上,,4 小時,45-50,主管判斷,6,7,62,30,9,,4,普通,3,可學到很多技術,allow,,,,,
2025-11-03,台中市,區域醫院,童綜合醫療社團法人童綜合醫院及其沙鹿院區,5A 內科病房,護理長,內科,1:9-10,1:9-10,1:11-12,1:16-17,1:13-15,1:13-15,三班制,600,600,無,800,是,,佔床（下來當主護），有空協助其他同事,無,,1 個月內,,2-3 小時,50-55,主管判斷,1,3,117,49,18,宿舍（單人房）,4,機會多,3,案件量大但有規矩,allow,,allow,,,
2025-11-03,台東縣,地區醫院,衛生福利部臺東醫院,骨科病房,N0,外科,1:6 以下,1:7-8,1:13-15,1:13-15,1:11-12,1:11-12,兩班制,300,250,1000,無,否,,佔床（下來當主護），有空協助其他同事,有,白班（D）、小夜（E）,,到職 3 個月內,4 小時,40-45,合理範圍給,5,8,57,30,9,,4,普通,3,,,,,,,
2025-11-03,新北市,醫學中心,衛生福利部雙和醫院(委託臺北醫學大學興建經營),緩和醫療病房,N4,安寧,1:9-10,1:11-12,1:13-15,1:18-19,1:13-15,1:18-19,混合制,200,無,400,500,是,,不佔床，需協助功能性護理,,,1 個月內,到職 3 個月內,無,40-45,一律給,4,7,128,54,19,,4,機會多,3,訓練體系完整,allow,,,,,
2025-11-03,基隆市,診所,GG 診所,神經外科病房,專科護理師,外科,1:7-8,1:7-8,1:13-15,1:18-19,1:11-12,1:11-12,混合制,600,300,1000,400,是,每月輪 3-4 次，被叫回頻率低，沒有 on call 費只能補休,不佔床，主責行政，少量協助功能性護理,,,不一定,1 年以上,1-2 小時,50-55,主管判斷,7,13,93,39,14,年度自強活動,3,難以升遷,2,案件量大但有規矩,allow,,allow,,allow,
2025-11-03,台北市,醫學中心,國立台灣大學醫學院附設醫院,腎臟內科病房,N2,內科,1:6 以下,1:6 以下,1:11-12,1:13-15,1:13-15,1:18-19,兩班制,300,500,800,無,否,,佔床（下來當主護），有空協助其他同事,有,大夜（N）,,6-12 個月,無,45-50,合理範圍給,4,9,103,43,15,,2,普通,1,人力過勞且無加班費,allow,,,,,
2025-11-02 23:39,台中市,醫學中心,中國醫藥大學附設醫院,心臟內科病房,N1,內科,1:7-8,1:11-12,1:13-15,1:18-19,1:13-15,1:13-15,混合制,200,500,1000,1000,否,,不佔床，需協助功能性護理,有,白班（D）、小夜（E）、大夜（N）,1 個月內,3-6 個月,4 小時,50-55,合理範圍給,6,6,92,39,14,,3,機會多,3,,,,,,,
2025-11-02 11:55,新北市,地區醫院,三重中興醫院,心臟內科病房,N0,內科,1:6 以下,1:7-8,1:11-12,1:16-17,1:13-15,1:13-15,兩班制,300,250,500,500,是,每月輪 3-4 次，被叫回頻率低，沒有 on call 費只能補休,不佔床，需協助功能性護理,,,1-2 個月,到職 3 個月內,,50-55,一律給,3,4,72,30,11,,4,機會多,3,氣氛輕鬆,allow,,,,allow,
2025-11-02 08:24,新竹縣,地區醫院,國立臺灣大學醫學院附設醫院新竹臺大分院生醫醫院竹東院區,10B 內科病房,護理長,內科,1:7-8,1:7-8,1:13-15,1:18-19,1:13-15,1:16-17,混合制,600,200,400,800,否,,不佔床，主責行政，少量協助功能性護理,,,1-2 個月,不排夜班,,50-55,主管判斷,1,7,102,43,15,,4,機會多,4,薪資與制度都優,allow,,,,,
2025-11-02,台中市,區域醫院,仁愛醫療財團法人大里仁愛醫院,心臟外科病房,專科護理師,外科,1:7-8,1:9-10,1:9-10,1:13-15,1:13-15,1:18-19,兩班制,300,300,400,800,否,,不佔床，需協助功能性護理,無,,,不排夜班,無,40-45,合理範圍給,3,3,113,47,17,宿舍（單人房）,3,難以升遷,2,,,,allow,,,
2025-11-02,台中市,區域醫院,亞洲大學附屬醫院,骨科病房,N2,外科,1:9-10,1:13-15,1:9-10,1:11-12,1:13-15,1:16-17,三班制,300,無,800,1000,是,每月輪 3-4 次，被叫回頻率低，沒有 on call 費只能補休,佔床（下來當主護），有空協助其他同事,,,1-2 個月,不排夜班,,40-45,合理範圍給,2,2,83,35,12,,4,普通,4,,,,,,allow,
2025-11-02,新北市,區域醫院,天主教耕莘醫療財團法人耕莘醫院,兒童病房,N3,兒科,1:7-8,1:9-10,1:13-15,1:18-19,1:13-15,1:13-15,三班制,500,500,600,無,是,,不佔床，需協助功能性護理,無,,3 個月以上,,2-3 小時,55-60,主管判斷,1,4,98,41,15,,3,難以升遷,2,工時超長,allow,,,,,
2025-11-01 23:15,新北市,醫學中心,台灣基督長老教會馬偕醫療財團法人淡水馬偕紀念醫院,心臟外科病房,副護理長,外科,1:7-8,1:7-8,1:11-12,1:11-12,1:13-15,1:16-17,三班制,250,200,400,600,否,,不佔床，需協助功能性護理,無,,不一定,,,45-50,一律給,5,7,132,55,20,員工旅遊補助,4,普通,4,排班相對人性化,allow,,allow,,,
2025-11-01 22:31,高雄市,地區醫院,杏和醫院,神經外科病房,N3,外科,1:7-8,1:11-12,1:9-10,1:13-15,1:13-15,1:16-17,三班制,無,200,600,1200,是,平日夜間待命，叫回要 30 分鐘內到院,不佔床，主責行政，少量協助功能性護理,,,,3-6 個月,4 小時,45-50,合理範圍給,8,10,80,34,12,,4,普通,3,訓練體系完整,allow,,,,allow,
2025-11-01 16:40,台北市,區域醫院,醫療財團法人辜公亮基金會和信治癌中心醫院,腎臟內科病房,N1,內科,1:7-8,1:7-8,1:13-15,1:18-19,1:13-15,1:16-17,混合制,200,200,500,無,否,,佔床（下來當主護），有空協助其他同事,無,,,3-6 個月,無,40-45,一律給,4,9,91,38,14,托兒補助,4,機會多,3,訓練體系完整,allow,,allow,,,
2025-11-01 15:01,台北市,地區醫院,景美醫院,神經外科病房,副護理長,外科,1:7-8,1:9-10,1:9-10,1:9-10,1:13-15,1:13-15,三班制,500,250,1000,無,否,,不佔床，需協助功能性護理,,,,到職 3 個月內,2-3 小時,45-50,合理範圍給,2,4,92,39,14,年度自強活動,5,機會多,5,,,,allow,,,
2025-11-01,台中市,醫學中心,中國醫藥大學附設醫院,心臟外科病房,N2,外科,1:7-8,1:9-10,1:9-10,1:9-10,1:13-15,1:16-17,兩班制,無,500,500,500,是,,佔床（下來當主護），有空協助其他同事,無,,1 個月內,到職 3 個月內,4 小時,45-50,合理範圍給,8,10,107,45,16,宿舍（單人房）,4,普通,3,工時長但待遇可,allow,,allow,,,
2025-11-01,基隆市,區域醫院,長庚醫療財團法人基隆長庚紀念醫院及其情人湖院區,緩和醫療病房,N4,安寧,1:7-8,1:9-10,1:13-15,1:18-19,1:11-12,1:11-12,三班制,250,400,無,500,否,,佔床（下來當主護），有空協助其他同事,無,,不一定,,,40-45,合理範圍給,1,6,110,46,17,年度自強活動,4,機會多,3,門診作息穩定,allow,,allow,,,
2025-11-01,台中市,地區醫院,博愛外科醫院,5A 內科病房,專科護理師,內科,1:9-10,1:13-15,1:13-15,1:18-19,1:13-15,1:18-19,兩班制,300,400,400,無,否,,不佔床，主責行政，少量協助功能性護理,,,,,,45-50,合理範圍給,5,11,90,38,14,員工餐廳伙食補助,4,機會多,3,薪資與制度都優,allow,,allow,,,
2025-11-01,台北市,地區醫院,西園醫療社團法人西園醫院,6C 內科病房,N1,內科,1:9-10,1:9-10,1:9-10,1:11-12,1:13-15,1:13-15,混合制,400,500,800,600,否,,佔床（下來當主護），有空協助其他同事,,,,,4 小時,50-55,合理範圍給,6,8,67,30,10,員工餐廳伙食補助,3,難以升遷,2,,,,allow,,,
2025-10-31 19:20,新北市,醫學中心,佛教慈濟醫療財團法人台北慈濟醫院,一般病房,N1,綜合（混合科）,1:7-8,1:9-10,1:13-15,1:16-17,1:13-15,1:16-17,兩班制,250,400,400,600,否,,佔床（下來當主護），有空協助其他同事,,,3 個月以上,,2-3 小時,50-55,一律給,5,9,104,44,16,年度自強活動,4,機會多,4,,,,allow,,,
2025-10-31 17:06,台北市,醫學中心,國立台灣大學醫學院附設醫院,心臟外科病房,副護理長,外科,1:7-8,1:11-12,1:11-12,1:13-15,1:13-15,1:13-15,混合制,600,400,600,1200,否,,佔床（下來當主護），有空協助其他同事,有,白班（D）,,1 年以上,,45-50,一律給,6,9,126,53,19,,3,機會多,3,夜班輪轉公平,allow,,,,,
2025-10-31,南投縣,地區醫院,曾漢棋綜合醫院,骨科病房,N2,外科,1:7-8,1:11-12,1:13-15,1:18-19,1:13-15,1:16-17,兩班制,300,250,1000,1200,否,,不佔床，主責行政，少量協助功能性護理,,,,,無,45-50,合理範圍給,4,9,80,34,12,生日禮金、三節禮券,4,機會多,4,薪資與制度都優,allow,,allow,,,
2025-10-31,台北市,醫學中心,臺北榮民總醫院,心智科病房,副護理長,內科,1:9-10,1:9-10,1:9-10,1:9-10,1:16-17,1:16-17,三班制,500,200,600,600,否,,不佔床，需協助功能性護理,,,1 個月內,6-12 個月,,50-55,一律給,1,5,118,50,18,醫療費用員工優惠,4,機會多,3,案件量大但有規矩,allow,,allow,,,
2025-10-31,台中市,醫學中心,中國醫藥大學附設醫院,緩和醫療病房,N1,安寧,1:9-10,1:13-15,1:13-15,1:16-17,1:13-15,1:18-19,三班制,500,250,400,1000,否,,不佔床，主責行政，少量協助功能性護理,無,,1 個月內,不排夜班,2-3 小時,55-60,一律不給,2,3,93,39,14,,3,機會多,3,夜班輪轉公平,allow,,,,,
2025-10-31,台南市,醫學中心,奇美醫療財團法人奇美醫院及其樹林院區,心智科病房,專科護理師,外科,1:7-8,1:7-8,1:9-10,1:13-15,1:13-15,1:18-19,混合制,400,300,800,無,是,,不佔床，主責行政，少量協助功能性護理,有,大夜（N）,1 個月內,到職 3 個月內,無,40-45,一律給,8,8,116,49,17,員工旅遊補助,3,難以升遷,2,工時長但待遇可,allow,,allow,,,
2025-10-31,高雄市,區域醫院,阮綜合醫療社團法人阮綜合醫院,腎臟內科病房,N3,內科,1:9-10,1:13-15,1:11-12,1:13-15,1:13-15,1:18-19,混合制,250,500,800,600,是,,不佔床，主責行政，少量協助功能性護理,有,白班（D）、小夜（E）、大夜（N）,2-3 個月,不排夜班,1 小時內,45-50,一律給,1,3,104,44,16,,4,機會多,4,安寧團隊互相 support,allow,,,,,
2025-10-31,台東縣,地區醫院,衛生福利部臺東醫院,緩和醫療病房,N4,安寧,1:9-10,1:11-12,1:13-15,1:16-17,1:13-15,1:16-17,三班制,600,300,800,1200,是,假日白天待命，被叫回才算加班費,不佔床，主責行政，少量協助功能性護理,有,白班（D）、小夜（E）、大夜（N）,不一定,,,55-60,一律不給,7,11,105,44,16,年度自強活動,3,普通,2,夜班輪轉公平,allow,,allow,,allow,
2025-10-30 21:57,新竹縣,地區醫院,中國醫藥大學新竹附設醫院,神經外科病房,N1,外科,1:7-8,1:11-12,1:11-12,1:13-15,1:13-15,1:16-17,兩班制,500,500,800,500,是,,不佔床，需協助功能性護理,無,,,,4 小時,40-45,主管判斷,5,10,72,30,11,,3,普通,2,人力極端不足,allow,,,,,
2025-10-30,彰化縣,區域醫院,秀傳醫療社團法人秀傳紀念醫院,嬰兒室,護理長,兒科,1:9-10,1:13-15,1:11-12,1:11-12,1:13-15,1:13-15,混合制,300,400,400,無,是,平日夜間待命，叫回要 30 分鐘內到院,不佔床，主責行政，少量協助功能性護理,無,,1-2 個月,,1 小時內,45-50,一律給,2,6,122,51,18,,3,難以升遷,2,,,,,,allow,
2025-10-30,高雄市,醫學中心,義大醫療財團法人義大醫院,兒童病房,N2,兒科,1:7-8,1:9-10,1:13-15,1:13-15,1:13-15,1:18-19,兩班制,無,500,無,800,否,,佔床（下來當主護），有空協助其他同事,無,,,,1 小時內,55-60,一律不給,7,8,97,41,15,年度自強活動,2,普通,1,,,,allow,,,
2025-10-30,南投縣,地區醫院,東華醫院,一般病房,N3,安寧,1:6 以下,1:9-10,1:13-15,1:16-17,1:13-15,1:18-19,兩班制,300,250,600,800,是,平日夜間待命，叫回要 30 分鐘內到院,佔床（下來當主護），有空協助其他同事,有,大夜（N）,不一定,3-6 個月,4 小時,45-50,合理範圍給,8,13,92,39,14,宿舍（單人房）,4,普通,4,主管支持度高,allow,,allow,,allow,
2025-10-30,台中市,區域醫院,李綜合醫療社團法人大甲李綜合醫院,兒童病房,N2,兒科,1:7-8,1:11-12,1:11-12,1:13-15,1:13-15,1:13-15,混合制,無,500,800,400,否,,不佔床，需協助功能性護理,有,白班（D）、小夜（E）,1-2 個月,1 年以上,,50-55,合理範圍給,4,4,88,37,13,員工健檢自費項目補助,3,普通,3,團隊互助強,allow,,allow,,,
2025-10-30,屏東縣,地區醫院,復興醫療社團法人復興醫院,7A 內科病房,N0,內科,1:7-8,1:11-12,1:11-12,1:13-15,1:13-15,1:13-15,兩班制,200,200,無,400,否,,佔床（下來當主護），有空協助其他同事,,,1 個月內,到職 3 個月內,,40-45,主管判斷,2,3,70,30,11,宿舍（單人房）,3,機會多,3,工時長但待遇可,allow,,allow,,,
2025-10-29 21:47,新北市,區域醫院,輔仁大學學校財團法人輔仁大學附設醫院,一般病房,N0,婦產科,1:9-10,1:13-15,1:11-12,1:16-17,1:13-15,1:16-17,兩班制,300,無,500,1200,否,,佔床（下來當主護），有空協助其他同事,有,小夜（E）、大夜（N）,1-2 個月,3-6 個月,2-3 小時,45-50,合理範圍給,3,4,75,32,11,,3,普通,3,薪資與制度都優,allow,,,,,
2025-10-29 14:41,新北市,區域醫院,行天宮醫療志業醫療財團法人恩主公醫院,心智科病房,護理長,安寧,1:9-10,1:9-10,1:11-12,1:13-15,1:13-15,1:16-17,三班制,600,300,400,無,否,,不佔床，需協助功能性護理,有,小夜（E）,3 個月以上,到職 3 個月內,4 小時,40-45,合理範圍給,2,3,120,50,18,醫療費用員工優惠,3,普通,3,案件多但學得快,allow,,allow,,,
2025-10-29 09:47,台南市,地區醫院,宏科醫院,產後病房,N2,內科,1:9-10,1:13-15,1:13-15,1:18-19,1:13-15,1:18-19,三班制,400,300,800,無,是,假日白天待命，被叫回才算加班費,佔床（下來當主護），有空協助其他同事,無,,不一定,到職 3 個月內,2-3 小時,50-55,一律給,5,11,69,30,10,,4,機會多,3,薪資與制度都優,allow,,,,allow,
2025-10-29,台北市,區域醫院,三軍總醫院松山分院附設民眾診療服務處,12A 內科病房,N3,內科,1:9-10,1:13-15,1:13-15,1:18-19,1:13-15,1:13-15,混合制,600,500,800,500,是,假日白天待命，被叫回才算加班費,不佔床，需協助功能性護理,無,,3 個月以上,不排夜班,無,45-50,主管判斷,4,6,94,39,14,,4,機會多,3,工時長但待遇可,allow,,,,allow,
2025-10-29,台中市,區域醫院,國軍臺中總醫院附設民眾診療服務處,神經外科病房,N2,外科,1:6 以下,1:9-10,1:11-12,1:11-12,1:13-15,1:18-19,三班制,無,400,800,600,否,,不佔床，需協助功能性護理,有,白班（D）、小夜（E）、大夜（N）,1-2 個月,1 年以上,4 小時,45-50,合理範圍給,6,9,94,39,14,宿舍（單人房）,4,普通,3,主管支持度高,allow,,allow,,,
2025-10-29,台中市,醫學中心,臺中榮民總醫院,精神科病房,N3,綜合（混合科）,1:7-8,1:7-8,1:9-10,1:11-12,1:13-15,1:13-15,兩班制,無,無,500,800,是,,不佔床，主責行政，少量協助功能性護理,,,3 個月以上,3-6 個月,4 小時,45-50,主管判斷,6,8,116,49,17,年度自強活動,3,普通,2,,,,allow,,,
2025-10-29,嘉義縣,地區醫院,衛生福利部朴子醫院,精神科病房,N2,兒科,1:6 以下,1:6 以下,1:13-15,1:18-19,1:13-15,1:13-15,三班制,250,400,1200,無,是,,不佔床，主責行政，少量協助功能性護理,無,,3 個月以上,3-6 個月,,45-50,主管判斷,2,3,75,32,11,,5,普通,5,同事關係好,allow,,,,,
2025-10-29,花蓮縣,區域醫院,臺灣基督教門諾會醫療財團法人門諾醫院,綜合病房,N2,婦產科,1:7-8,1:11-12,1:13-15,1:13-15,1:13-15,1:13-15,兩班制,600,500,無,500,否,,不佔床，主責行政，少量協助功能性護理,,,2-3 個月,3-6 個月,1 小時內,55-60,一律不給,4,8,85,36,13,,4,機會多,3,訓練體系完整,allow,,,,,
2025-10-28 12:24,台東縣,地區醫院,衛生福利部臺東醫院,腎臟內科病房,N2,內科,1:7-8,1:11-12,1:11-12,1:16-17,1:13-15,1:18-19,兩班制,400,200,600,500,否,,佔床（下來當主護），有空協助其他同事,,,1 個月內,到職 3 個月內,1 小時內,55-60,主管判斷,1,5,72,30,11,宿舍（單人房）,3,難以升遷,2,人力過勞且無加班費,allow,,allow,,,
2025-10-28,新北市,區域醫院,新北市立土城醫院(委託長庚醫療財團法人興建經營),嬰兒室,專科護理師,兒科,1:9-10,1:9-10,1:13-15,1:13-15,1:13-15,1:13-15,三班制,500,600,500,1200,是,約兩週輪一次，下班後待命到隔天早上，被叫回一個月約 1-2 次，有 on call 費,不佔床，主責行政，少量協助功能性護理,有,白班（D）、小夜（E）、大夜（N）,,不排夜班,,40-45,合理範圍給,7,12,100,42,15,,4,普通,4,團隊互助強,allow,,,,allow,
2025-10-28,嘉義縣,區域醫院,佛教慈濟醫療財團法人大林慈濟醫院,心智科病房,N4,綜合（混合科）,1:7-8,1:7-8,1:11-12,1:11-12,1:13-15,1:18-19,混合制,600,500,400,無,否,,不佔床，需協助功能性護理,無,,2-3 個月,6-12 個月,,40-45,一律給,2,4,107,45,16,員工健檢自費項目補助,3,難以升遷,2,,,,allow,,,
2025-10-28,台南市,地區醫院,永川醫院,嬰兒室,N2,兒科,1:7-8,1:7-8,1:11-12,1:11-12,1:16-17,1:16-17,兩班制,無,250,1200,800,是,每月輪 3-4 次，被叫回頻率低，沒有 on call 費只能補休,不佔床，主責行政，少量協助功能性護理,,,1-2 個月,3-6 個月,,45-50,一律給,6,9,76,32,11,,4,機會多,3,兒科氣氛溫暖,allow,,,,allow,
2025-10-27 23:22,台中市,醫學中心,中國醫藥大學兒童醫院,兒科病房,N2,兒科,1:7-8,1:9-10,1:11-12,1:16-17,1:13-15,1:16-17,兩班制,200,200,400,800,否,,不佔床，需協助功能性護理,有,大夜（N）,,不排夜班,1 小時內,40-45,合理範圍給,5,8,109,46,16,進修學分補助、國外研討會補助,4,機會多,3,中部醫院 case 量適中,allow,,allow,,,
2025-10-27 15:40,新北市,醫學中心,佛教慈濟醫療財團法人台北慈濟醫院,嬰兒室,N1,兒科,1:9-10,1:11-12,1:13-15,1:18-19,1:16-17,1:18-19,混合制,600,無,1200,600,否,,不佔床，主責行政，少量協助功能性護理,有,白班（D）、小夜（E）、大夜（N）,2-3 個月,到職 3 個月內,,45-50,主管判斷,5,9,92,39,14,醫療費用員工優惠,4,普通,3,,,,allow,,,
2025-10-27 10:14,台中市,區域醫院,童綜合醫療社團法人童綜合醫院及其沙鹿院區,安寧病房,副護理長,安寧,1:9-10,1:13-15,1:11-12,1:13-15,1:13-15,1:16-17,混合制,無,250,600,1200,是,,不佔床，主責行政，少量協助功能性護理,有,白班（D）、小夜（E）、大夜（N）,1 個月內,,無,45-50,合理範圍給,7,11,118,50,18,,3,難以升遷,2,專科氣氛 OK,allow,,,,,
2025-10-27,台中市,醫學中心,中國醫藥大學附設醫院,10B 內科病房,N2,內科,1:9-10,1:9-10,1:9-10,1:13-15,1:11-12,1:13-15,混合制,200,600,400,400,是,平日夜間待命，叫回要 30 分鐘內到院,不佔床，主責行政，少量協助功能性護理,有,白班（D）,1 個月內,到職 3 個月內,1 小時內,55-60,一律不給,7,8,98,41,15,,2,難以升遷,1,leader 形同虛設,allow,,,,allow,
2025-10-26 21:44,桃園市,醫學中心,長庚醫療財團法人林口長庚紀念醫院,5A 內科病房,護理長,內科,1:7-8,1:9-10,1:13-15,1:18-19,1:13-15,1:13-15,混合制,無,400,1000,無,是,平日夜間待命，叫回要 30 分鐘內到院,不佔床，主責行政，少量協助功能性護理,,,,,,50-55,一律給,5,11,139,58,21,,3,難以升遷,2,新人訓練紮實,allow,,,,allow,
2025-10-26 14:14,台北市,醫學中心,台灣基督長老教會馬偕醫療財團法人馬偕紀念醫院,10B 內科病房,N3,內科,1:9-10,1:9-10,1:13-15,1:18-19,1:11-12,1:11-12,兩班制,無,300,1000,800,否,,不佔床，需協助功能性護理,有,白班（D）、小夜（E）、大夜（N）,2-3 個月,不排夜班,1-2 小時,50-55,一律給,6,10,110,46,17,,3,難以升遷,2,中部醫院 case 量適中,allow,,,,,
2025-10-26 08:50,桃園市,地區醫院,大明醫院,8B 外科病房,N1,外科,1:7-8,1:11-12,1:11-12,1:11-12,1:16-17,1:16-17,三班制,無,500,無,600,是,,佔床（下來當主護），有空協助其他同事,有,白班（D）、小夜（E）,1-2 個月,到職 3 個月內,2-3 小時,55-60,一律不給,4,5,76,32,11,,4,機會多,3,案件多但學得快,allow,,,,,
2025-10-26,台北市,醫學中心,國泰醫療財團法人國泰綜合醫院,兒童病房,專科護理師,兒科,1:9-10,1:11-12,1:13-15,1:13-15,1:16-17,1:16-17,三班制,250,400,1200,無,是,每月輪 3-4 次，被叫回頻率低，沒有 on call 費只能補休,佔床（下來當主護），有空協助其他同事,有,白班（D）,不一定,6-12 個月,,40-45,合理範圍給,6,11,124,52,19,員工健檢自費項目補助,3,機會多,3,專科氣氛 OK,allow,,allow,,allow,
2025-10-26,台北市,醫學中心,臺北市立萬芳醫院-委託臺北醫學大學辦理,心智科病房,N1,婦產科,1:9-10,1:11-12,1:9-10,1:9-10,1:16-17,1:18-19,兩班制,600,200,600,400,否,,不佔床，需協助功能性護理,有,小夜（E）、大夜（N）,,不排夜班,1-2 小時,45-50,一律給,7,10,103,43,15,生日禮金、三節禮券,3,難以升遷,2,沒人沒錢沒尊重,allow,,allow,,,
2025-10-26,台南市,醫學中心,國立成功大學醫學院附設醫院,產後病房,N1,婦產科,1:7-8,1:11-12,1:9-10,1:9-10,1:13-15,1:16-17,兩班制,600,300,1200,1000,是,每月輪 3-4 次，被叫回頻率低，沒有 on call 費只能補休,不佔床，需協助功能性護理,有,白班（D）,1-2 個月,3-6 個月,2-3 小時,40-45,合理範圍給,3,5,96,40,14,宿舍（單人房）,4,機會多,4,排班相對人性化,allow,,allow,,allow,
2025-10-26,嘉義市,診所,NN 診所,婦產科病房,專科護理師,綜合（混合科）,1:9-10,1:9-10,1:11-12,1:11-12,1:13-15,1:18-19,兩班制,無,600,1200,400,是,,不佔床，主責行政，少量協助功能性護理,,,1-2 個月,3-6 個月,,50-55,一律給,4,9,93,39,14,員工餐廳伙食補助,4,機會多,3,訓練體系完整,allow,,allow,,,
2025-10-26,台中市,區域醫院,光田醫療社團法人光田綜合醫院及其大甲院區,腸胃內科病房,專科護理師,內科,1:6 以下,1:9-10,1:9-10,1:9-10,1:13-15,1:18-19,兩班制,200,無,500,無,否,,不佔床，需協助功能性護理,,,,,,50-55,一律給,1,4,102,43,15,進修學分補助、國外研討會補助,4,普通,3,中部醫院 case 量適中,allow,,allow,,,
2025-10-25 23:25,台北市,區域醫院,臺北醫學大學附設醫院,腸胃內科病房,專科護理師,內科,1:6 以下,1:9-10,1:13-15,1:18-19,1:11-12,1:11-12,三班制,400,250,1200,1200,是,平日夜間待命，叫回要 30 分鐘內到院,不佔床，需協助功能性護理,有,小夜（E）、大夜（N）,,6-12 個月,1-2 小時,50-55,主管判斷,2,4,108,45,16,,4,機會多,4,排班相對人性化,allow,,,,allow,
2025-10-25 19:56,南投縣,診所,NN 診所,6C 內科病房,N1,內科,1:6 以下,1:9-10,1:13-15,1:18-19,1:11-12,1:16-17,三班制,400,250,無,500,是,每月輪 3-4 次，被叫回頻率低，沒有 on call 費只能補休,不佔床，需協助功能性護理,無,,,到職 3 個月內,1-2 小時,45-50,主管判斷,3,6,61,30,9,,4,機會多,4,,,,,,allow,
2025-10-25 19:43,台北市,醫學中心,國泰醫療財團法人國泰綜合醫院,兒科病房,專科護理師,兒科,1:7-8,1:9-10,1:11-12,1:11-12,1:16-17,1:18-19,兩班制,400,無,1000,500,是,,不佔床，需協助功能性護理,,,不一定,3-6 個月,,45-50,一律給,2,8,126,53,19,,5,普通,4,排班相對人性化,allow,,,,,
2025-10-25 14:32,宜蘭縣,區域醫院,醫療財團法人羅許基金會羅東博愛醫院,緩和醫療病房,N4,安寧,1:7-8,1:7-8,1:11-12,1:16-17,1:16-17,1:16-17,三班制,500,無,1000,1200,否,,不佔床，需協助功能性護理,有,白班（D）、小夜（E）、大夜（N）,1 個月內,,無,45-50,合理範圍給,3,7,114,48,17,醫療費用員工優惠,4,機會多,3,資深領班受重視,allow,,allow,,,
2025-10-25 13:29,高雄市,地區醫院,四季台安醫院,兒科病房,N1,兒科,1:9-10,1:11-12,1:11-12,1:11-12,1:13-15,1:18-19,混合制,無,500,無,600,是,每月輪 3-4 次，被叫回頻率低，沒有 on call 費只能補休,佔床（下來當主護），有空協助其他同事,,,,,無,50-55,一律給,6,8,67,30,10,托兒補助,4,機會多,4,訓練體系完整,allow,,allow,,allow,
2025-10-25,台南市,地區醫院,吉安醫療社團法人吉安醫院,11A 外科病房,N1,外科,1:7-8,1:7-8,1:11-12,1:11-12,1:13-15,1:16-17,兩班制,500,300,400,無,否,,佔床（下來當主護），有空協助其他同事,無,,不一定,6-12 個月,,55-60,一律不給,4,7,62,30,9,生日禮金、三節禮券,3,難以升遷,2,加班頻率可接受,allow,,allow,,,
2025-10-25,高雄市,區域醫院,阮綜合醫療社團法人阮綜合醫院,5A 內科病房,專科護理師,內科,1:7-8,1:7-8,1:9-10,1:11-12,1:16-17,1:16-17,混合制,300,無,1000,400,是,,佔床（下來當主護），有空協助其他同事,無,,,1 年以上,無,40-45,主管判斷,1,1,100,42,15,宿舍（單人房）,5,機會多,5,可學到很多技術,allow,,allow,,,
2025-10-25,台中市,醫學中心,中山醫學大學附設醫院,10B 內科病房,N4,內科,1:7-8,1:9-10,1:9-10,1:13-15,1:11-12,1:16-17,混合制,500,500,600,600,否,,佔床（下來當主護），有空協助其他同事,有,白班（D）、小夜（E）,不一定,,1 小時內,45-50,一律給,6,7,128,54,19,,3,機會多,3,,,,,,,
2025-10-25,嘉義市,地區醫院,慶昇醫療社團法人慶昇醫院,腎臟內科病房,N3,內科,1:7-8,1:7-8,1:9-10,1:13-15,1:13-15,1:16-17,混合制,250,300,無,500,是,,不佔床，主責行政，少量協助功能性護理,,,,,,40-45,合理範圍給,3,8,79,33,12,,4,機會多,4,同事關係好,allow,,,,,
2025-10-25,台北市,醫學中心,新光醫療財團法人新光吳火獅紀念醫院,腸胃內科病房,N1,內科,1:9-10,1:11-12,1:11-12,1:11-12,1:13-15,1:16-17,兩班制,600,250,1000,400,否,,不佔床，主責行政，少量協助功能性護理,有,白班（D）、小夜（E）,不一定,,1 小時內,55-60,一律不給,6,11,103,43,15,醫療費用員工優惠,3,機會多,3,,,,allow,,,
2025-10-24 22:54,台南市,區域醫院,衛生福利部臺南醫院,兒童病房,護理長,兒科,1:6 以下,1:6 以下,1:13-15,1:18-19,1:13-15,1:16-17,兩班制,500,200,1200,500,是,約兩週輪一次，下班後待命到隔天早上，被叫回一個月約 1-2 次，有 on call 費,不佔床，需協助功能性護理,有,白班（D）,2-3 個月,6-12 個月,無,40-45,主管判斷,1,2,122,51,18,進修學分補助、國外研討會補助,4,普通,4,訓練體系完整,allow,,allow,,allow,
2025-10-24 16:49,雲林縣,地區醫院,洪揚醫院,緩和醫療病房,N2,安寧,1:7-8,1:9-10,1:11-12,1:16-17,1:13-15,1:13-15,三班制,250,400,400,500,否,,不佔床，需協助功能性護理,有,小夜（E）、大夜（N）,2-3 個月,6-12 個月,1-2 小時,40-45,合理範圍給,8,12,73,31,11,,3,普通,2,工時長但待遇可,allow,,,,,
2025-10-24,新北市,醫學中心,佛教慈濟醫療財團法人台北慈濟醫院,嬰兒室,N2,兒科,1:7-8,1:7-8,1:13-15,1:18-19,1:13-15,1:18-19,混合制,無,250,無,500,是,平日夜間待命，叫回要 30 分鐘內到院,不佔床，需協助功能性護理,無,,1 個月內,1 年以上,2-3 小時,50-55,合理範圍給,1,7,113,47,17,員工健檢自費項目補助,5,機會多,5,安寧團隊互相 support,allow,,allow,,allow,
2025-10-24,嘉義縣,診所,JJ 診所,緩和醫療病房,N1,安寧,1:7-8,1:11-12,1:13-15,1:16-17,1:13-15,1:13-15,三班制,600,無,800,無,否,,不佔床，主責行政，少量協助功能性護理,,,2-3 個月,,2-3 小時,45-50,一律給,2,3,62,30,9,醫療費用員工優惠,4,機會多,3,安寧團隊互相 support,allow,,allow,,,
2025-10-24,台南市,地區醫院,奇美醫療財團法人佳里奇美醫院,緩和醫療病房,N1,安寧,1:9-10,1:11-12,1:11-12,1:16-17,1:16-17,1:18-19,兩班制,200,無,1200,500,否,,佔床（下來當主護），有空協助其他同事,有,白班（D）、大夜（N）,1-2 個月,1 年以上,,45-50,一律給,1,1,63,30,9,員工健檢自費項目補助,4,機會多,3,門診作息穩定,allow,,allow,,,
2025-10-24,屏東縣,區域醫院,輔英科技大學附設醫院,腸胃內科病房,副護理長,內科,1:9-10,1:11-12,1:11-12,1:13-15,1:16-17,1:18-19,混合制,200,500,無,800,是,,佔床（下來當主護），有空協助其他同事,有,白班（D）、小夜（E）、大夜（N）,,到職 3 個月內,4 小時,45-50,主管判斷,4,8,104,44,16,有員工團保，想了解保單可以私訊我幫你規劃。,4,機會多,3,,,,block,廣告或招攬,,
2025-10-24,苗栗縣,診所,MM 診所,嬰兒室,N2,兒科,1:6 以下,1:9-10,1:9-10,1:9-10,1:13-15,1:13-15,混合制,無,250,500,800,否,,不佔床，需協助功能性護理,無,,1-2 個月,不排夜班,2-3 小時,45-50,合理範圍給,8,14,77,32,12,,3,機會多,3,可學到很多技術,allow,,,,,
2025-10-24,新北市,地區醫院,板橋國泰醫院,腎臟內科病房,N2,內科,1:6 以下,1:9-10,1:11-12,1:13-15,1:13-15,1:18-19,混合制,600,250,600,600,是,平日夜間待命，叫回要 30 分鐘內到院,不佔床，需協助功能性護理,有,白班（D）,不一定,到職 3 個月內,1 小時內,40-45,一律給,4,6,74,31,11,托兒補助,3,普通,2,門診作息穩定,allow,,allow,,allow,
2025-10-24,新北市,地區醫院,新北仁康醫院,綜合病房,N3,婦產科,1:9-10,1:13-15,1:9-10,1:11-12,1:11-12,1:16-17,兩班制,300,無,800,1000,否,,佔床（下來當主護），有空協助其他同事,有,白班（D）、小夜（E）、大夜（N）,不一定,6-12 個月,2-3 小時,40-45,主管判斷,6,7,82,34,12,,5,普通,4,團隊互助強,allow,,,,,
2025-10-23 23:48,高雄市,醫學中心,高雄榮民總醫院,6C 內科病房,副護理長,內科,1:6 以下,1:6 以下,1:11-12,1:13-15,1:13-15,1:18-19,混合制,600,500,600,無,是,假日白天待命，被叫回才算加班費,不佔床，主責行政，少量協助功能性護理,,,1 個月內,1 年以上,1-2 小時,45-50,合理範圍給,5,10,132,55,20,,4,機會多,4,氣氛輕鬆,allow,,,,allow,
2025-10-23 22:37,台北市,醫學中心,台灣基督長老教會馬偕醫療財團法人馬偕紀念醫院,腸胃內科病房,N1,內科,1:6 以下,1:6 以下,1:11-12,1:13-15,1:11-12,1:13-15,混合制,400,無,1200,500,否,,不佔床，主責行政，少量協助功能性護理,無,,不一定,3-6 個月,1 小時內,50-55,一律給,7,8,102,43,15,,4,普通,3,中部醫院 case 量適中,allow,,,,,
2025-10-23 19:10,台中市,區域醫院,亞洲大學附屬醫院,8B 外科病房,N3,外科,1:6 以下,1:6 以下,1:13-15,1:18-19,1:13-15,1:13-15,三班制,無,400,無,1200,否,,佔床（下來當主護），有空協助其他同事,無,,1-2 個月,1 年以上,,55-60,一律不給,4,8,101,42,15,員工健檢自費項目補助,4,普通,3,中部醫院 case 量適中,allow,,allow,,,
2025-10-23 15:41,高雄市,地區醫院,天主教聖功醫療財團法人聖功醫院,7A 內科病房,副護理長,內科,1:7-8,1:9-10,1:13-15,1:16-17,1:16-17,1:16-17,三班制,200,600,500,600,否,,不佔床，需協助功能性護理,無,,2-3 個月,6-12 個月,1-2 小時,55-60,主管判斷,8,9,93,39,14,員工健檢自費項目補助,2,普通,1,leader 形同虛設,allow,,allow,,,
2025-10-23 15:27,台北市,醫學中心,國立臺灣大學醫學院附設醫院兒童醫院,緩和醫療病房,N2,安寧,1:6 以下,1:9-10,1:13-15,1:16-17,1:16-17,1:16-17,混合制,300,無,400,無,否,,不佔床，需協助功能性護理,,,3 個月以上,,,40-45,合理範圍給,8,11,111,47,17,,3,難以升遷,2,常被臨時調班,allow,,,,,
2025-10-23 14:08,新北市,醫學中心,醫療財團法人徐元智先生醫藥基金會亞東紀念醫院,11A 外科病房,N1,外科,1:7-8,1:11-12,1:11-12,1:16-17,1:13-15,1:18-19,三班制,200,400,無,600,否,,不佔床，需協助功能性護理,,,3 個月以上,3-6 個月,,40-45,合理範圍給,3,7,96,40,14,年度自強活動,5,機會多,5,專科很強值得待,allow,,allow,,,
2025-10-23 10:15,高雄市,區域醫院,國軍左營總醫院附設民眾診療服務處,一般病房,N4,外科,1:6 以下,1:6 以下,1:11-12,1:16-17,1:13-15,1:18-19,混合制,無,300,500,無,是,平日夜間待命，叫回要 30 分鐘內到院,不佔床，主責行政，少量協助功能性護理,有,白班（D）、小夜（E）,1-2 個月,,無,45-50,主管判斷,5,9,118,50,18,,5,普通,4,安寧團隊互相 support,allow,,,,allow,
2025-10-23,新竹縣,診所,KK 診所,11A 外科病房,N1,外科,1:6 以下,1:6 以下,1:13-15,1:18-19,1:13-15,1:18-19,三班制,300,500,1200,無,是,約兩週輪一次，下班後待命到隔天早上，被叫回一個月約 1-2 次，有 on call 費,佔床（下來當主護），有空協助其他同事,,,2-3 個月,到職 3 個月內,1 小時內,45-50,合理範圍給,2,8,67,30,10,,3,難以升遷,2,,,,,,allow,
2025-10-23,台中市,區域醫院,仁愛醫療財團法人大里仁愛醫院,5A 內科病房,護理長,內科,1:7-8,1:11-12,1:9-10,1:11-12,1:16-17,1:18-19,三班制,無,無,1200,無,是,平日夜間待命，叫回要 30 分鐘內到院,不佔床，需協助功能性護理,有,白班（D）,2-3 個月,,2-3 小時,50-55,合理範圍給,6,6,126,53,19,,4,機會多,3,兒科氣氛溫暖,allow,,,,allow,
2025-10-23,新北市,診所,KK 診所,兒科病房,N1,兒科,1:9-10,1:11-12,1:9-10,1:13-15,1:13-15,1:13-15,兩班制,300,300,500,1000,否,,不佔床，需協助功能性護理,無,,,1 年以上,,45-50,合理範圍給,2,4,61,30,9,,3,普通,3,同事關係好,allow,,,,,
2025-10-22 22:40,苗栗縣,地區醫院,財團法人台灣省私立桃園仁愛之家附設苗栗新生醫院,綜合病房,N3,綜合（混合科）,1:7-8,1:7-8,1:11-12,1:11-12,1:11-12,1:13-15,兩班制,250,300,800,無,是,每月輪 3-4 次，被叫回頻率低，沒有 on call 費只能補休,不佔床，主責行政，少量協助功能性護理,,,不一定,3-6 個月,,50-55,合理範圍給,4,7,84,35,13,員工健檢自費項目補助,4,普通,3,兒科氣氛溫暖,allow,,allow,,allow,
2025-10-22 10:54,基隆市,地區醫院,三軍總醫院基隆分院附設民眾診療服務處,8B 外科病房,副護理長,外科,1:9-10,1:11-12,1:13-15,1:16-17,1:13-15,1:16-17,三班制,400,200,1000,無,否,,佔床（下來當主護），有空協助其他同事,,,2-3 個月,6-12 個月,,45-50,主管判斷,3,9,103,43,15,,5,普通,4,,,,,,,
2025-10-22 10:17,台南市,地區醫院,宏科醫院,腎臟內科病房,N2,內科,1:7-8,1:7-8,1:11-12,1:13-15,1:13-15,1:18-19,三班制,600,400,500,800,是,假日白天待命，被叫回才算加班費,佔床（下來當主護），有空協助其他同事,無,,,6-12 個月,1-2 小時,55-60,一律不給,4,7,83,35,12,員工健檢自費項目補助,4,機會多,4,氣氛輕鬆,allow,,allow,,allow,
2025-10-22,台北市,區域醫院,三軍總醫院松山分院附設民眾診療服務處,6C 內科病房,N1,內科,1:7-8,1:9-10,1:11-12,1:13-15,1:13-15,1:16-17,三班制,500,200,1000,1000,是,每月輪 3-4 次，被叫回頻率低，沒有 on call 費只能補休,不佔床，需協助功能性護理,,,1-2 個月,3-6 個月,,45-50,合理範圍給,2,3,83,35,12,員工旅遊補助,4,機會多,4,案件多但學得快,allow,,allow,,allow,
2025-10-22,台北市,區域醫院,臺北市立聯合醫院忠孝院區,腸胃內科病房,N3,內科,1:7-8,1:9-10,1:11-12,1:13-15,1:13-15,1:16-17,兩班制,400,200,400,500,是,約兩週輪一次，下班後待命到隔天早上，被叫回一個月約 1-2 次，有 on call 費,佔床（下來當主護），有空協助其他同事,無,,3 個月以上,3-6 個月,1-2 小時,50-55,主管判斷,1,6,108,45,16,宿舍（單人房）,5,機會多,4,案件多但學得快,allow,,allow,,allow,
2025-10-22,彰化縣,地區醫院,冠華醫院,嬰兒室,N1,兒科,1:7-8,1:9-10,1:11-12,1:16-17,1:13-15,1:16-17,混合制,600,無,1000,1200,否,,不佔床，主責行政，少量協助功能性護理,有,白班（D）、小夜（E）、大夜（N）,不一定,3-6 個月,,40-45,主管判斷,2,5,66,30,10,,3,難以升遷,2,可學到很多技術,allow,,,,,
2025-10-22,台南市,醫學中心,國立成功大學醫學院附設醫院,兒科病房,N1,兒科,1:7-8,1:11-12,1:11-12,1:16-17,1:13-15,1:18-19,兩班制,500,無,600,400,否,,不佔床，主責行政，少量協助功能性護理,有,白班（D）、大夜（N）,,6-12 個月,4 小時,45-50,合理範圍給,5,7,99,42,15,托兒補助,4,普通,4,案件多但學得快,allow,,allow,,,
2025-10-22,新北市,區域醫院,天主教耕莘醫療財團法人耕莘醫院,5A 內科病房,N0,內科,1:7-8,1:11-12,1:13-15,1:18-19,1:16-17,1:16-17,兩班制,300,600,1000,1200,是,約兩週輪一次，下班後待命到隔天早上，被叫回一個月約 1-2 次，有 on call 費,不佔床，主責行政，少量協助功能性護理,有,白班（D）、小夜（E）、大夜（N）,,1 年以上,2-3 小時,40-45,合理範圍給,3,4,87,37,13,醫療費用員工優惠,4,機會多,3,,,,allow,,allow,
2025-10-21 21:40,雲林縣,區域醫院,中國醫藥大學北港附設醫院,安寧病房,護理長,安寧,1:6 以下,1:7-8,1:11-12,1:16-17,1:13-15,1:16-17,三班制,無,600,無,400,否,,不佔床，主責行政，少量協助功能性護理,無,,1-2 個月,1 年以上,1 小時內,40-45,主管判斷,5,9,121,51,18,,4,普通,3,,,,,,,
2025-10-21 18:44,台南市,地區醫院,永達醫療社團法人永達醫院,腸胃內科病房,副護理長,內科,1:7-8,1:9-10,1:13-15,1:18-19,1:13-15,1:16-17,三班制,300,200,1200,1200,是,每月輪 3-4 次，被叫回頻率低，沒有 on call 費只能補休,佔床（下來當主護），有空協助其他同事,無,,不一定,,,45-50,合理範圍給,8,9,88,37,13,員工餐廳伙食補助,3,普通,2,專科氣氛 OK,allow,,allow,,allow,
2025-10-21,台中市,區域醫院,李綜合醫療社團法人大甲李綜合醫院,兒童病房,護理長,兒科,1:6 以下,1:7-8,1:11-12,1:11-12,1:13-15,1:13-15,兩班制,無,無,500,無,否,,不佔床，主責行政，少量協助功能性護理,無,,,1 年以上,2-3 小時,50-55,合理範圍給,7,12,127,53,19,,4,普通,3,,,,,,,
2025-10-21,苗栗縣,診所,JJ 診所,5A 內科病房,N0,內科,1:9-10,1:13-15,1:11-12,1:13-15,1:13-15,1:18-19,混合制,400,300,無,無,否,,不佔床，需協助功能性護理,無,,2-3 個月,不排夜班,1-2 小時,55-60,主管判斷,1,7,64,30,10,托兒補助,3,難以升遷,2,新人訓練紮實,allow,,allow,,,
2025-10-21,台北市,醫學中心,國立台灣大學醫學院附設醫院,綜合病房,N3,兒科,1:7-8,1:9-10,1:13-15,1:18-19,1:13-15,1:16-17,混合制,600,300,500,800,否,,不佔床，主責行政，少量協助功能性護理,無,,3 個月以上,到職 3 個月內,,45-50,合理範圍給,8,8,109,46,16,,4,機會多,4,,,,,,,
2025-10-21,台南市,醫學中心,奇美醫療財團法人奇美醫院及其樹林院區,10B 內科病房,專科護理師,內科,1:6 以下,1:7-8,1:9-10,1:9-10,1:13-15,1:18-19,三班制,250,無,1000,500,否,,不佔床，主責行政，少量協助功能性護理,有,白班（D）、小夜（E）、大夜（N）,不一定,6-12 個月,1 小時內,55-60,一律不給,8,12,127,53,19,,3,普通,1,人力過勞且無加班費,allow,,,,,
2025-10-21,桃園市,區域醫院,衛生福利部桃園醫院,6C 內科病房,N4,內科,1:7-8,1:7-8,1:13-15,1:16-17,1:16-17,1:18-19,兩班制,250,400,500,400,否,,不佔床，需協助功能性護理,有,白班（D）、小夜（E）,1-2 個月,6-12 個月,1-2 小時,55-60,一律不給,4,6,110,46,17,宿舍（單人房）,4,普通,3,,,,allow,,,
2025-10-21,新竹市,醫學中心,國立臺灣大學醫學院附設醫院新竹臺大分院新竹醫院,9A 外科病房,N0,外科,1:7-8,1:7-8,1:11-12,1:13-15,1:13-15,1:13-15,混合制,400,500,800,1000,是,,不佔床，需協助功能性護理,,,2-3 個月,,4 小時,55-60,一律不給,6,9,90,38,14,員工健檢自費項目補助,3,難以升遷,2,,,,allow,,,
2025-10-21,台中市,地區醫院,醫療財團法人正德癌症醫療基金會佛教正德醫院,12A 內科病房,N2,內科,1:7-8,1:7-8,1:9-10,1:9-10,1:11-12,1:13-15,三班制,300,500,800,無,是,平日夜間待命，叫回要 30 分鐘內到院,不佔床，主責行政，少量協助功能性護理,無,,2-3 個月,,2-3 小時,45-50,一律給,1,5,82,34,12,,5,機會多,5,訓練體系完整,allow,,,,allow,
2025-10-20 20:12,新北市,醫學中心,佛教慈濟醫療財團法人台北慈濟醫院,腸胃內科病房,副護理長,內科,1:7-8,1:11-12,1:9-10,1:9-10,1:13-15,1:18-19,三班制,200,300,1000,800,否,,不佔床，主責行政，少量協助功能性護理,,,2-3 個月,6-12 個月,,50-55,合理範圍給,6,10,120,50,18,,3,機會多,3,案件量大但有規矩,allow,,,,,
2025-10-20 14:07,台南市,地區醫院,營新醫院,10B 內科病房,N2,內科,1:7-8,1:7-8,1:9-10,1:13-15,1:13-15,1:16-17,混合制,500,500,1000,600,是,平日夜間待命，叫回要 30 分鐘內到院,佔床（下來當主護），有空協助其他同事,有,白班（D）、小夜（E）、大夜（N）,,,4 小時,40-45,一律給,7,13,70,30,11,,4,機會多,3,,,,,,allow,
2025-10-20 11:04,台北市,醫學中心,國立臺灣大學醫學院附設醫院兒童醫院,綜合病房,N3,外科,1:7-8,1:9-10,1:11-12,1:13-15,1:13-15,1:16-17,三班制,250,600,1200,無,否,,不佔床，需協助功能性護理,有,小夜（E）,不一定,3-6 個月,1 小時內,45-50,合理範圍給,6,9,110,46,17,員工健檢自費項目補助,4,機會多,3,薪資與制度都優,allow,,allow,,,
2025-10-20,桃園市,區域醫院,聯新國際醫院,腎臟內科病房,N3,內科,1:7-8,1:11-12,1:11-12,1:11-12,1:13-15,1:18-19,兩班制,400,無,500,600,否,,佔床（下來當主護），有空協助其他同事,,,1-2 個月,不排夜班,2-3 小時,40-45,合理範圍給,2,6,105,44,16,員工餐廳伙食補助,3,普通,3,,,,allow,,,
2025-10-20,新竹縣,地區醫院,大安醫院,緩和醫療病房,N2,安寧,1:7-8,1:9-10,1:9-10,1:9-10,1:16-17,1:16-17,三班制,300,200,1200,1000,是,,佔床（下來當主護），有空協助其他同事,有,白班（D）、小夜（E）、大夜（N）,不一定,3-6 個月,,45-50,合理範圍給,4,6,72,30,11,,4,機會多,4,訓練體系完整,allow,,,,,
2025-10-20,新竹市,區域醫院,台灣基督長老教會馬偕醫療財團法人新竹馬偕紀念醫院,12A 內科病房,N1,內科,1:7-8,1:7-8,1:11-12,1:13-15,1:13-15,1:13-15,混合制,500,500,800,500,是,假日白天待命，被叫回才算加班費,不佔床，需協助功能性護理,,,3 個月以上,,1 小時內,55-60,一律不給,2,3,84,35,13,,3,普通,2,沒人沒錢沒尊重,allow,,,,allow,
2025-10-19 18:53,屏東縣,區域醫院,屏東榮民總醫院,8B 外科病房,N1,外科,1:9-10,1:9-10,1:13-15,1:18-19,1:13-15,1:18-19,混合制,300,400,600,1000,是,假日白天待命，被叫回才算加班費,不佔床，需協助功能性護理,,,不一定,到職 3 個月內,2-3 小時,50-55,主管判斷,2,6,93,39,14,,4,機會多,4,專科很強值得待,allow,,,,allow,
2025-10-19 16:16,桃園市,區域醫院,天成醫療社團法人天晟醫院,12A 內科病房,N2,內科,1:9-10,1:13-15,1:13-15,1:16-17,1:11-12,1:11-12,混合制,無,500,400,無,否,,不佔床，需協助功能性護理,,,3 個月以上,6-12 個月,4 小時,45-50,一律給,1,4,88,37,13,托兒補助,3,機會多,3,可學到很多技術,allow,,allow,,,
2025-10-19 08:54,高雄市,區域醫院,義大醫療財團法人義大癌治療醫院,精神科病房,N2,安寧,1:7-8,1:9-10,1:13-15,1:18-19,1:13-15,1:18-19,混合制,無,500,1200,1000,是,平日夜間待命，叫回要 30 分鐘內到院,不佔床，主責行政，少量協助功能性護理,無,,,到職 3 個月內,,55-60,一律不給,5,6,86,36,13,宿舍（單人房）,3,難以升遷,2,可學到很多技術,allow,,allow,,allow,
2025-10-19,台北市,區域醫院,臺北市立聯合醫院仁愛院區,9A 外科病房,專科護理師,外科,1:9-10,1:13-15,1:13-15,1:16-17,1:13-15,1:16-17,兩班制,300,300,600,1000,是,,不佔床，主責行政，少量協助功能性護理,,,2-3 個月,3-6 個月,1-2 小時,45-50,一律給,6,11,110,46,17,,4,普通,3,可學到很多技術,allow,,,,,
2025-10-19,台中市,醫學中心,中國醫藥大學附設醫院,6C 內科病房,N1,內科,1:9-10,1:13-15,1:11-12,1:16-17,1:13-15,1:18-19,三班制,300,300,800,600,否,,不佔床，需協助功能性護理,有,小夜（E）,3 個月以上,3-6 個月,無,45-50,一律給,5,9,94,39,14,進修學分補助、國外研討會補助,3,普通,2,新人零保護,allow,,allow,,,
2025-10-19,基隆市,診所,MM 診所,神經外科病房,護理長,外科,1:7-8,1:11-12,1:13-15,1:18-19,1:13-15,1:13-15,三班制,300,無,500,600,是,平日夜間待命，叫回要 30 分鐘內到院,佔床（下來當主護），有空協助其他同事,有,大夜（N）,2-3 個月,3-6 個月,,50-55,合理範圍給,3,9,107,45,16,,3,機會多,3,同事關係好,allow,,,,allow,
2025-10-19,宜蘭縣,區域醫院,天主教靈醫會醫療財團法人羅東聖母醫院,安寧病房,N1,安寧,1:7-8,1:11-12,1:13-15,1:13-15,1:13-15,1:13-15,三班制,600,無,800,600,是,約兩週輪一次，下班後待命到隔天早上，被叫回一個月約 1-2 次，有 on call 費,不佔床，主責行政，少量協助功能性護理,,,2-3 個月,,2-3 小時,55-60,主管判斷,8,8,83,35,12,醫療費用員工優惠,3,難以升遷,2,新人訓練紮實,allow,,allow,,allow,
2025-10-18 20:10,台北市,區域醫院,振興醫療財團法人振興醫院,綜合病房,護理長,兒科,1:7-8,1:11-12,1:13-15,1:13-15,1:13-15,1:13-15,混合制,200,400,無,800,否,,不佔床，需協助功能性護理,,,1 個月內,到職 3 個月內,1 小時內,55-60,一律不給,8,8,127,53,19,生日禮金、三節禮券,4,機會多,3,,,,allow,,,
2025-10-18 19:55,台南市,區域醫院,臺南市立安南醫院-委託中國醫藥大學興建經營,9A 外科病房,N2,外科,1:7-8,1:7-8,1:11-12,1:13-15,1:13-15,1:13-15,三班制,500,600,無,1200,否,,不佔床，需協助功能性護理,無,,,6-12 個月,1-2 小時,55-60,主管判斷,5,11,90,38,14,進修學分補助、國外研討會補助,3,普通,3,主管管太細,allow,,allow,,,
2025-10-18 16:29,高雄市,區域醫院,衛生福利部旗山醫院,腎臟內科病房,N2,內科,1:6 以下,1:6 以下,1:9-10,1:9-10,1:16-17,1:16-17,混合制,無,無,1200,600,否,,佔床（下來當主護），有空協助其他同事,有,白班（D）,,6-12 個月,無,40-45,合理範圍給,6,12,98,41,15,,4,機會多,3,中部醫院 case 量適中,allow,,,,,
2025-10-18 16:02,雲林縣,地區醫院,全生醫院,產後病房,副護理長,安寧,1:9-10,1:9-10,1:13-15,1:16-17,1:16-17,1:18-19,三班制,600,250,1000,800,否,,佔床（下來當主護），有空協助其他同事,無,,1-2 個月,1 年以上,1 小時內,55-60,一律不給,2,5,95,40,14,進修學分補助、國外研討會補助,3,難以升遷,1,某位資深學姊很愛針對新人，大家都知道是誰。,review,揭露第三人身分,allow,,,
2025-10-18,台北市,醫學中心,長庚醫療財團法人台北長庚紀念醫院,腸胃內科病房,N3,內科,1:7-8,1:9-10,1:11-12,1:13-15,1:13-15,1:13-15,混合制,250,300,1200,無,否,,不佔床，主責行政，少量協助功能性護理,,,,,1-2 小時,45-50,合理範圍給,8,13,111,47,17,,4,機會多,4,安寧團隊互相 support,allow,,,,,
2025-10-17 12:07,台北市,醫學中心,新光醫療財團法人新光吳火獅紀念醫院,嬰兒室,N1,兒科,1:9-10,1:11-12,1:9-10,1:9-10,1:13-15,1:18-19,三班制,400,400,500,1000,否,,不佔床，需協助功能性護理,,,,到職 3 個月內,2-3 小時,40-45,一律給,7,13,98,41,15,醫療費用員工優惠,4,機會多,3,可學到很多技術,allow,,allow,,,
2025-10-17 12:03,台中市,醫學中心,中國醫藥大學附設醫院,安寧病房,副護理長,安寧,1:7-8,1:7-8,1:11-12,1:16-17,1:16-17,1:20 以上,混合制,250,300,500,400,是,約兩週輪一次，下班後待命到隔天早上，被叫回一個月約 1-2 次，有 on call 費,不佔床，需協助功能性護理,有,白班（D）、小夜（E）、大夜（N）,1 個月內,3-6 個月,,45-50,合理範圍給,2,3,120,50,18,醫療費用員工優惠,3,難以升遷,2,新人訓練紮實,allow,,allow,,allow,
2025-10-17,澎湖縣,地區醫院,天主教靈醫會醫療財團法人惠民醫院,心臟外科病房,N2,外科,1:7-8,1:11-12,1:9-10,1:11-12,1:16-17,1:18-19,三班制,500,400,400,1200,是,約兩週輪一次，下班後待命到隔天早上，被叫回一個月約 1-2 次，有 on call 費,不佔床，主責行政，少量協助功能性護理,有,白班（D）、小夜（E）、大夜（N）,3 個月以上,,2-3 小時,45-50,一律給,3,8,78,33,12,年度自強活動,2,普通,1,沒人沒錢沒尊重,allow,,allow,,allow,
2025-10-17,桃園市,區域醫院,天成醫療社團法人天晟醫院,婦產科病房,專科護理師,內科,1:7-8,1:9-10,1:13-15,1:18-19,1:13-15,1:18-19,混合制,250,200,500,500,是,每月輪 3-4 次，被叫回頻率低，沒有 on call 費只能補休,不佔床，需協助功能性護理,無,,,不排夜班,,45-50,一律給,6,8,97,41,15,,3,機會多,3,主管管太細,allow,,,,allow,
2025-10-17,彰化縣,診所,KK 診所,心智科病房,N1,內科,1:7-8,1:9-10,1:13-15,1:13-15,1:13-15,1:18-19,混合制,600,600,500,500,否,,佔床（下來當主護），有空協助其他同事,無,,不一定,到職 3 個月內,,45-50,合理範圍給,7,8,60,30,9,,3,機會多,3,可學到很多技術,allow,,,,,
2025-10-17,台北市,區域醫院,國立臺灣大學醫學院附設醫院癌醫中心分院,12A 內科病房,副護理長,內科,1:7-8,1:9-10,1:13-15,1:13-15,1:13-15,1:18-19,混合制,250,600,無,500,是,假日白天待命，被叫回才算加班費,不佔床，需協助功能性護理,無,,1-2 個月,6-12 個月,無,45-50,合理範圍給,8,14,109,46,16,,4,普通,3,訓練體系完整,allow,,,,allow,
2025-10-17,高雄市,醫學中心,義大醫療財團法人義大醫院,6C 內科病房,N0,內科,1:9-10,1:13-15,1:11-12,1:16-17,1:13-15,1:13-15,混合制,250,500,500,無,否,,不佔床，主責行政，少量協助功能性護理,,,,,1 小時內,50-55,一律給,6,12,101,42,15,,3,難以升遷,2,新人訓練紮實,allow,,,,,
2025-10-16 20:59,台南市,醫學中心,國立成功大學醫學院附設醫院,10B 內科病房,N2,內科,1:7-8,1:11-12,1:13-15,1:13-15,1:13-15,1:13-15,兩班制,250,600,600,600,否,,不佔床，需協助功能性護理,無,,不一定,1 年以上,,40-45,一律給,3,6,108,45,16,進修學分補助、國外研討會補助,4,普通,3,,,,allow,,,
2025-10-16 10:47,桃園市,地區醫院,振生醫院,婦產科病房,N2,外科,1:7-8,1:7-8,1:13-15,1:18-19,1:13-15,1:16-17,三班制,600,200,無,600,是,每月輪 3-4 次，被叫回頻率低，沒有 on call 費只能補休,不佔床，主責行政，少量協助功能性護理,,,不一定,6-12 個月,無,45-50,合理範圍給,1,1,72,30,11,,4,普通,4,主管支持度高,allow,,,,allow,
2025-10-16 08:19,台中市,醫學中心,中山醫學大學附設醫院,綜合病房,專科護理師,安寧,1:9-10,1:9-10,1:11-12,1:13-15,1:13-15,1:16-17,混合制,250,400,無,600,否,,不佔床，需協助功能性護理,有,大夜（N）,不一定,到職 3 個月內,,55-60,一律不給,5,7,121,51,18,,3,普通,1,工時超長,allow,,,,,
2025-10-16,新北市,醫學中心,台灣基督長老教會馬偕醫療財團法人淡水馬偕紀念醫院,心臟內科病房,N0,內科,1:7-8,1:9-10,1:9-10,1:13-15,1:13-15,1:13-15,兩班制,500,200,400,1200,是,約兩週輪一次，下班後待命到隔天早上，被叫回一個月約 1-2 次，有 on call 費,不佔床，需協助功能性護理,無,,不一定,3-6 個月,1 小時內,50-55,合理範圍給,2,2,87,37,13,進修學分補助、國外研討會補助,3,機會多,3,專科很強值得待,allow,,allow,,allow,
2025-10-16,台北市,醫學中心,國立臺灣大學醫學院附設醫院兒童醫院,婦產科病房,N1,婦產科,1:7-8,1:7-8,1:9-10,1:13-15,1:13-15,1:18-19,三班制,400,500,1000,無,是,,佔床（下來當主護），有空協助其他同事,有,白班（D）、小夜（E）、大夜（N）,3 個月以上,1 年以上,,55-60,一律不給,5,11,99,42,15,,3,難以升遷,2,新人零保護,allow,,,,,
2025-10-16,高雄市,地區醫院,高雄市立岡山醫院（委託秀傳醫療社團法人經營）,精神科病房,N1,綜合（混合科）,1:6 以下,1:9-10,1:13-15,1:16-17,1:13-15,1:13-15,混合制,250,300,400,500,否,,不佔床，主責行政，少量協助功能性護理,無,,2-3 個月,,4 小時,55-60,一律不給,6,12,70,30,11,員工餐廳伙食補助,3,難以升遷,2,加班沒給,allow,,allow,,,
2025-10-16,台北市,醫學中心,台灣基督長老教會馬偕醫療財團法人馬偕紀念醫院,緩和醫療病房,N1,安寧,1:9-10,1:9-10,1:9-10,1:9-10,1:13-15,1:13-15,三班制,600,無,無,600,否,,不佔床，需協助功能性護理,無,,1 個月內,,,40-45,主管判斷,6,6,100,42,15,,5,普通,4,訓練體系完整,allow,,,,,
2025-10-15 21:11,高雄市,地區醫院,光雄長安醫院,9A 外科病房,N1,外科,1:9-10,1:13-15,1:9-10,1:9-10,1:13-15,1:18-19,混合制,600,600,400,400,是,假日白天待命，被叫回才算加班費,不佔床，主責行政，少量協助功能性護理,無,,,不排夜班,4 小時,45-50,合理範圍給,2,5,63,30,9,宿舍（單人房）,3,難以升遷,2,工時長但待遇可,allow,,allow,,allow,
2025-10-15 21:05,台南市,地區醫院,璟馨婦幼醫院,骨科病房,N0,外科,1:9-10,1:9-10,1:11-12,1:11-12,1:13-15,1:13-15,混合制,600,無,600,400,是,,佔床（下來當主護），有空協助其他同事,,,1 個月內,6-12 個月,,55-60,主管判斷,1,1,67,30,10,,2,難以升遷,1,主管常 stand-by 不夠,allow,,,,,
2025-10-15 20:36,台南市,醫學中心,奇美醫療財團法人奇美醫院及其樹林院區,心智科病房,N4,安寧,1:7-8,1:7-8,1:13-15,1:13-15,1:16-17,1:16-17,兩班制,200,250,1000,600,否,,不佔床，需協助功能性護理,,,,,1 小時內,45-50,主管判斷,3,9,138,58,21,醫療費用員工優惠,3,普通,2,,,,allow,,,
2025-10-15,南投縣,區域醫院,衛生福利部南投醫院及其中興院區,心智科病房,N2,外科,1:9-10,1:9-10,1:11-12,1:11-12,1:13-15,1:13-15,兩班制,300,300,600,無,是,約兩週輪一次，下班後待命到隔天早上，被叫回一個月約 1-2 次，有 on call 費,佔床（下來當主護），有空協助其他同事,有,小夜（E）,3 個月以上,1 年以上,,50-55,一律給,4,8,88,37,13,托兒補助,4,機會多,3,,,,allow,,allow,
2025-10-15,台南市,區域醫院,臺南市立安南醫院-委託中國醫藥大學興建經營,精神科病房,N0,兒科,1:9-10,1:11-12,1:13-15,1:13-15,1:13-15,1:13-15,兩班制,200,500,無,1200,否,,佔床（下來當主護），有空協助其他同事,無,,,到職 3 個月內,,45-50,合理範圍給,7,11,78,33,12,進修學分補助、國外研討會補助,4,普通,4,資深領班受重視,allow,,allow,,,
2025-10-15,苗栗縣,地區醫院,大千綜合醫院,心智科病房,N2,安寧,1:7-8,1:11-12,1:13-15,1:13-15,1:13-15,1:16-17,混合制,600,200,無,600,是,假日白天待命，被叫回才算加班費,不佔床，需協助功能性護理,無,,,1 年以上,,45-50,主管判斷,3,5,67,30,10,,3,難以升遷,2,中部醫院 case 量適中,allow,,,,allow,
2025-10-14 22:40,台北市,醫學中心,台灣基督長老教會馬偕醫療財團法人馬偕紀念醫院,8B 外科病房,N2,外科,1:9-10,1:9-10,1:13-15,1:16-17,1:13-15,1:18-19,兩班制,200,300,無,800,否,,不佔床，需協助功能性護理,有,白班（D）、小夜（E）、大夜（N）,1-2 個月,不排夜班,無,45-50,一律給,2,4,105,44,16,員工旅遊補助,4,普通,4,,,,allow,,,
2025-10-14 14:17,嘉義市,區域醫院,臺中榮民總醫院嘉義分院,綜合病房,N4,安寧,1:9-10,1:9-10,1:9-10,1:9-10,1:16-17,1:18-19,兩班制,400,600,500,400,是,假日白天待命，被叫回才算加班費,不佔床，主責行政，少量協助功能性護理,無,,1 個月內,3-6 個月,2-3 小時,55-60,一律不給,1,4,112,47,17,,3,難以升遷,2,leader 形同虛設,allow,,,,allow,
2025-10-14 11:41,新北市,地區醫院,瑞芳礦工醫院,腎臟內科病房,N0,內科,1:9-10,1:13-15,1:13-15,1:18-19,1:13-15,1:18-19,兩班制,200,400,600,無,否,,不佔床，需協助功能性護理,,,不一定,不排夜班,1-2 小時,50-55,主管判斷,1,7,68,30,10,,4,機會多,3,新人訓練紮實,allow,,,,,
2025-10-14,高雄市,醫學中心,長庚醫療財團法人高雄長庚紀念醫院,心臟內科病房,N2,內科,1:7-8,1:11-12,1:11-12,1:16-17,1:16-17,1:16-17,混合制,600,無,1000,500,是,每月輪 3-4 次，被叫回頻率低，沒有 on call 費只能補休,不佔床，需協助功能性護理,,,2-3 個月,,4 小時,40-45,主管判斷,8,8,98,41,15,員工健檢自費項目補助,5,機會多,5,薪資與制度都優,allow,,allow,,allow,
2025-10-14,台北市,醫學中心,臺北榮民總醫院,婦產科病房,副護理長,外科,1:9-10,1:9-10,1:13-15,1:13-15,1:13-15,1:16-17,兩班制,200,200,1200,1000,是,約兩週輪一次，下班後待命到隔天早上，被叫回一個月約 1-2 次，有 on call 費,不佔床，需協助功能性護理,有,小夜（E）,,,2-3 小時,45-50,合理範圍給,6,8,120,50,18,,4,機會多,3,團隊互助強,allow,,,,allow,
2025-10-14,台東縣,區域醫院,台灣基督長老教會馬偕醫療財團法人台東馬偕紀念醫院,7A 內科病房,N1,內科,1:7-8,1:7-8,1:11-12,1:11-12,1:13-15,1:16-17,兩班制,無,無,400,400,是,平日夜間待命，叫回要 30 分鐘內到院,佔床（下來當主護），有空協助其他同事,,,1 個月內,3-6 個月,,50-55,主管判斷,2,6,84,35,13,托兒補助,4,普通,3,工時長但待遇可,allow,,allow,,allow,
2025-10-14,台北市,區域醫院,臺北市立聯合醫院陽明院區,緩和醫療病房,N0,安寧,1:7-8,1:11-12,1:9-10,1:13-15,1:13-15,1:18-19,三班制,250,無,500,600,是,平日夜間待命，叫回要 30 分鐘內到院,不佔床，需協助功能性護理,有,白班（D）、小夜（E）、大夜（N）,2-3 個月,,,45-50,合理範圍給,2,7,79,33,12,生日禮金、三節禮券,4,機會多,4,資深領班受重視,allow,,allow,,allow,
2025-10-14,屏東縣,地區醫院,安和醫療社團法人安和醫院,嬰兒室,N4,兒科,1:9-10,1:13-15,1:13-15,1:13-15,1:16-17,1:18-19,三班制,250,400,600,400,是,平日夜間待命，叫回要 30 分鐘內到院,佔床（下來當主護），有空協助其他同事,有,小夜（E）、大夜（N）,,1 年以上,1 小時內,50-55,合理範圍給,6,7,98,41,15,員工健檢自費項目補助,3,難以升遷,2,訓練體系完整,allow,,allow,,allow,
2025-10-13 14:53,新竹縣,區域醫院,國立臺灣大學醫學院附設醫院新竹臺大分院生醫醫院,綜合病房,護理長,兒科,1:7-8,1:9-10,1:11-12,1:16-17,1:13-15,1:18-19,混合制,600,500,無,800,是,,不佔床，主責行政，少量協助功能性護理,,,2-3 個月,,,55-60,一律不給,5,8,128,54,19,,3,普通,2,工時長到爆,allow,,,,,
2025-10-13,彰化縣,診所,GG 診所,安寧病房,N2,安寧,1:7-8,1:7-8,1:13-15,1:13-15,1:11-12,1:16-17,三班制,300,200,800,500,是,約兩週輪一次，下班後待命到隔天早上，被叫回一個月約 1-2 次，有 on call 費,不佔床，主責行政，少量協助功能性護理,無,,,3-6 個月,4 小時,45-50,一律給,7,10,73,31,11,,4,普通,4,薪資與制度都優,allow,,,,allow,
2025-10-13,台中市,醫學中心,中國醫藥大學附設醫院,腸胃內科病房,N3,內科,1:7-8,1:7-8,1:9-10,1:9-10,1:16-17,1:16-17,兩班制,600,400,無,400,是,約兩週輪一次，下班後待命到隔天早上，被叫回一個月約 1-2 次，有 on call 費,佔床（下來當主護），有空協助其他同事,有,白班（D）、小夜（E）,不一定,,,45-50,主管判斷,5,6,111,47,17,生日禮金、三節禮券,3,普通,2,沒人沒錢沒尊重,allow,,allow,,allow,
2025-10-13,台北市,醫學中心,國立台灣大學醫學院附設醫院,心智科病房,N2,兒科,1:7-8,1:7-8,1:11-12,1:13-15,1:11-12,1:16-17,兩班制,400,400,1000,400,是,平日夜間待命，叫回要 30 分鐘內到院,不佔床，需協助功能性護理,無,,,到職 3 個月內,1 小時內,55-60,一律不給,5,5,106,45,16,,3,普通,2,主管管太細,allow,,,,allow,
2025-10-13,高雄市,地區醫院,博田國際醫院,9A 外科病房,N4,外科,1:9-10,1:13-15,1:9-10,1:9-10,1:13-15,1:16-17,三班制,無,250,800,800,否,,不佔床，需協助功能性護理,,,2-3 個月,,,45-50,主管判斷,3,7,96,40,14,宿舍（單人房）,3,普通,3,案件多但學得快,allow,,allow,,,
2025-10-13,台中市,區域醫院,李綜合醫療社團法人大甲李綜合醫院,腎臟內科病房,N1,內科,1:7-8,1:11-12,1:11-12,1:16-17,1:16-17,1:20 以上,混合制,250,500,600,無,是,約兩週輪一次，下班後待命到隔天早上，被叫回一個月約 1-2 次，有 on call 費,不佔床，主責行政，少量協助功能性護理,,,,,無,45-50,主管判斷,1,2,93,39,14,宿舍（單人房）,3,普通,2,加班頻率可接受,allow,,allow,,allow,
2025-10-13,台中市,地區醫院,臺安醫院,精神科病房,N0,安寧,1:7-8,1:9-10,1:11-12,1:13-15,1:16-17,1:18-19,三班制,400,300,600,無,是,,不佔床，需協助功能性護理,,,1-2 個月,3-6 個月,,45-50,主管判斷,5,7,64,30,10,,5,機會多,4,主管支持度高,allow,,,,,
2025-10-12 21:41,台南市,地區醫院,吉安醫療社團法人吉安醫院,綜合病房,N0,內科,1:7-8,1:7-8,1:13-15,1:13-15,1:13-15,1:18-19,兩班制,無,400,500,1000,否,,不佔床，主責行政，少量協助功能性護理,無,,1-2 個月,,2-3 小時,45-50,主管判斷,5,7,69,30,10,醫療費用員工優惠,4,機會多,3,團隊互助強,allow,,allow,,,
2025-10-12 20:51,新竹市,診所,LL 診所,7A 內科病房,N0,內科,1:7-8,1:9-10,1:13-15,1:13-15,1:13-15,1:18-19,混合制,200,無,400,800,是,每月輪 3-4 次，被叫回頻率低，沒有 on call 費只能補休,不佔床，需協助功能性護理,,,,3-6 個月,,45-50,主管判斷,5,5,64,30,10,員工旅遊補助,4,機會多,4,資深領班受重視,allow,,allow,,allow,
2025-10-12 15:27,台東縣,區域醫院,台灣基督長老教會馬偕醫療財團法人台東馬偕紀念醫院,5A 內科病房,N0,內科,1:9-10,1:11-12,1:11-12,1:16-17,1:16-17,1:20 以上,混合制,400,300,1200,500,否,,不佔床，主責行政，少量協助功能性護理,有,小夜（E）,,,,45-50,主管判斷,7,13,80,34,12,,5,機會多,4,薪資與制度都優,allow,,,,,
2025-10-12 14:34,苗栗縣,地區醫院,財團法人台灣省私立桃園仁愛之家附設苗栗新生醫院,心智科病房,副護理長,安寧,1:7-8,1:7-8,1:11-12,1:16-17,1:16-17,1:20 以上,三班制,600,200,600,600,是,,不佔床，需協助功能性護理,有,小夜（E）、大夜（N）,1 個月內,不排夜班,,45-50,合理範圍給,5,9,95,40,14,醫療費用員工優惠,4,機會多,4,安寧團隊互相 support,allow,,allow,,,
2025-10-12 14:00,彰化縣,醫學中心,彰化基督教醫療財團法人彰化基督教兒童醫院,6C 內科病房,N4,內科,1:9-10,1:11-12,1:9-10,1:9-10,1:16-17,1:18-19,兩班制,無,600,400,無,否,,不佔床，需協助功能性護理,無,,3 個月以上,,,45-50,合理範圍給,5,6,125,53,19,宿舍（單人房）,5,機會多,5,薪資與制度都優,allow,,allow,,,
2025-10-12 11:00,高雄市,地區醫院,杏和醫院,9A 外科病房,N2,外科,1:7-8,1:9-10,1:9-10,1:9-10,1:13-15,1:16-17,混合制,600,無,800,1200,是,,佔床（下來當主護），有空協助其他同事,有,小夜（E）,不一定,到職 3 個月內,無,55-60,一律不給,5,10,73,31,11,,4,機會多,3,排班相對人性化,allow,,,,,
2025-10-12,台中市,地區醫院,長安醫院,腎臟內科病房,護理長,內科,1:9-10,1:9-10,1:11-12,1:11-12,1:13-15,1:13-15,兩班制,600,300,600,1200,是,平日夜間待命，叫回要 30 分鐘內到院,不佔床，主責行政，少量協助功能性護理,有,白班（D）、小夜（E）,3 個月以上,不排夜班,,40-45,合理範圍給,7,10,107,45,16,,4,機會多,4,,,,,,allow,
2025-10-12,新竹市,地區醫院,南門綜合醫院,骨科病房,N2,外科,1:9-10,1:9-10,1:13-15,1:16-17,1:11-12,1:11-12,混合制,600,600,600,600,是,平日夜間待命，叫回要 30 分鐘內到院,不佔床，需協助功能性護理,有,白班（D）、小夜（E）、大夜（N）,,6-12 個月,,40-45,合理範圍給,3,5,81,34,12,,4,機會多,3,加班頻率可接受,allow,,,,allow,
2025-10-11 22:29,桃園市,區域醫院,衛生福利部桃園醫院,綜合病房,N1,綜合（混合科）,1:6 以下,1:9-10,1:13-15,1:13-15,1:13-15,1:18-19,混合制,無,無,500,無,是,每月輪 3-4 次，被叫回頻率低，沒有 on call 費只能補休,不佔床，主責行政，少量協助功能性護理,,,,3-6 個月,1 小時內,50-55,合理範圍給,6,6,89,37,13,,4,機會多,4,上次那個 32 床肝癌末期的阿伯家屬一直來吵，護理師被罵到哭。,block,病人個案資訊,,,allow,
2025-10-11 18:57,台中市,地區醫院,法務部矯正署臺中監獄附設培德醫院,兒童病房,專科護理師,兒科,1:9-10,1:9-10,1:11-12,1:11-12,1:11-12,1:13-15,三班制,500,400,500,600,是,平日夜間待命，叫回要 30 分鐘內到院,佔床（下來當主護），有空協助其他同事,,,,,1 小時內,55-60,一律不給,1,5,89,37,13,年度自強活動,3,機會多,3,新人訓練紮實,allow,,allow,,allow,
2025-10-11 15:48,新竹縣,區域醫院,東元醫療社團法人東元綜合醫院,6C 內科病房,N1,內科,1:9-10,1:13-15,1:13-15,1:18-19,1:13-15,1:16-17,混合制,250,250,800,1200,否,,不佔床，主責行政，少量協助功能性護理,有,小夜（E）、大夜（N）,2-3 個月,,1-2 小時,55-60,一律不給,3,5,84,35,13,,4,機會多,3,專科氣氛 OK,allow,,,,,
2025-10-11,宜蘭縣,區域醫院,國立陽明交通大學附設醫院及其新民院區,安寧病房,N3,安寧,1:7-8,1:11-12,1:9-10,1:13-15,1:11-12,1:16-17,三班制,300,200,400,400,是,每月輪 3-4 次，被叫回頻率低，沒有 on call 費只能補休,不佔床，需協助功能性護理,,,不一定,不排夜班,,50-55,一律給,5,9,94,39,14,,5,普通,4,氣氛輕鬆,allow,,,,allow,
2025-10-11,高雄市,地區醫院,新上琳醫院,一般病房,N4,內科,1:7-8,1:9-10,1:13-15,1:16-17,1:11-12,1:13-15,兩班制,無,500,無,1000,否,,不佔床，主責行政，少量協助功能性護理,有,白班（D）、小夜（E）、大夜（N）,3 個月以上,到職 3 個月內,1 小時內,40-45,合理範圍給,7,13,103,43,15,,3,普通,2,,,,,,,
2025-10-11,台中市,地區醫院,賢德醫院及其樹孝院區,6C 內科病房,副護理長,內科,1:9-10,1:9-10,1:9-10,1:11-12,1:13-15,1:13-15,三班制,250,600,500,1200,否,,佔床（下來當主護），有空協助其他同事,,,2-3 個月,,1-2 小時,40-45,一律給,4,10,98,41,15,進修學分補助、國外研討會補助,4,機會多,3,,,,allow,,,
2025-10-10 23:29,屏東縣,區域醫院,屏基醫療財團法人屏東基督教醫院及其瑞光院區,6C 內科病房,N2,內科,1:6 以下,1:9-10,1:11-12,1:16-17,1:13-15,1:18-19,兩班制,500,250,400,1000,否,,佔床（下來當主護），有空協助其他同事,無,,1-2 個月,3-6 個月,,45-50,合理範圍給,3,4,96,40,14,進修學分補助、國外研討會補助,5,機會多,4,兒科氣氛溫暖,allow,,allow,,,
2025-10-10 18:29,新竹市,醫學中心,國立臺灣大學醫學院附設醫院新竹臺大分院新竹醫院,心智科病房,護理長,外科,1:7-8,1:7-8,1:11-12,1:16-17,1:13-15,1:13-15,三班制,無,400,600,600,是,約兩週輪一次，下班後待命到隔天早上，被叫回一個月約 1-2 次，有 on call 費,不佔床，主責行政，少量協助功能性護理,,,3 個月以上,,,45-50,合理範圍給,3,4,130,55,20,托兒補助,4,普通,3,資深領班受重視,allow,,allow,,allow,
2025-10-10 15:58,高雄市,區域醫院,國軍左營總醫院附設民眾診療服務處,腎臟內科病房,N2,內科,1:9-10,1:11-12,1:13-15,1:13-15,1:16-17,1:20 以上,三班制,250,500,400,500,是,每月輪 3-4 次，被叫回頻率低，沒有 on call 費只能補休,佔床（下來當主護），有空協助其他同事,,,1-2 個月,1 年以上,無,55-60,一律不給,1,3,83,35,12,進修學分補助、國外研討會補助,3,難以升遷,2,leader 形同虛設,allow,,allow,,allow,
2025-10-10 10:50,台南市,區域醫院,衛生福利部臺南醫院,9A 外科病房,副護理長,外科,1:7-8,1:11-12,1:13-15,1:16-17,1:13-15,1:13-15,三班制,無,500,400,1200,是,約兩週輪一次，下班後待命到隔天早上，被叫回一個月約 1-2 次，有 on call 費,不佔床，需協助功能性護理,有,白班（D）、小夜（E）、大夜（N）,3 個月以上,到職 3 個月內,1-2 小時,55-60,主管判斷,4,7,108,45,16,醫療費用員工優惠,4,機會多,3,專科很強值得待,allow,,allow,,allow,
2025-10-10,苗栗縣,區域醫院,為恭醫療財團法人為恭紀念醫院及其東興院區,婦產科病房,N3,綜合（混合科）,1:7-8,1:11-12,1:11-12,1:11-12,1:13-15,1:16-17,混合制,無,300,1200,無,否,,佔床（下來當主護），有空協助其他同事,無,,2-3 個月,,,40-45,合理範圍給,8,11,100,42,15,生日禮金、三節禮券,3,難以升遷,2,常被臨時調班,allow,,allow,,,
2025-10-10,台中市,醫學中心,臺中榮民總醫院,婦產科病房,N1,內科,1:7-8,1:9-10,1:11-12,1:11-12,1:11-12,1:13-15,三班制,無,200,800,1200,否,,佔床（下來當主護），有空協助其他同事,,,,不排夜班,無,55-60,一律不給,5,11,103,43,15,員工餐廳伙食補助,3,難以升遷,2,人力過勞且無加班費,allow,,allow,,,
2025-10-10,高雄市,區域醫院,高雄市立大同醫院,安寧病房,N2,安寧,1:6 以下,1:9-10,1:13-15,1:18-19,1:13-15,1:18-19,三班制,500,250,1000,800,是,平日夜間待命，叫回要 30 分鐘內到院,佔床（下來當主護），有空協助其他同事,無,,1 個月內,6-12 個月,,50-55,合理範圍給,2,4,97,41,15,員工健檢自費項目補助,4,普通,4,同事關係好,allow,,allow,,allow,
2025-10-09 21:32,新竹市,醫學中心,國立臺灣大學醫學院附設醫院新竹臺大分院新竹醫院,兒科病房,N3,兒科,1:7-8,1:7-8,1:11-12,1:13-15,1:13-15,1:18-19,三班制,200,500,無,1000,是,約兩週輪一次，下班後待命到隔天早上，被叫回一個月約 1-2 次，有 on call 費,佔床（下來當主護），有空協助其他同事,無,,2-3 個月,1 年以上,,45-50,主管判斷,8,9,122,51,18,,4,機會多,4,安寧團隊互相 support,allow,,,,allow,
2025-10-09 11:18,新北市,醫學中心,佛教慈濟醫療財團法人台北慈濟醫院,心臟外科病房,護理長,外科,1:9-10,1:9-10,1:13-15,1:13-15,1:13-15,1:13-15,混合制,500,600,600,無,否,,不佔床，需協助功能性護理,有,白班（D）、小夜（E）、大夜（N）,2-3 個月,3-6 個月,4 小時,45-50,一律給,7,8,139,58,21,員工健檢自費項目補助,4,機會多,4,主管支持度高,allow,,allow,,,
2025-10-09 10:24,屏東縣,區域醫院,寶建醫療社團法人寶建醫院,9A 外科病房,N0,外科,1:6 以下,1:9-10,1:13-15,1:16-17,1:11-12,1:16-17,兩班制,300,400,無,600,否,,佔床（下來當主護），有空協助其他同事,無,,2-3 個月,,無,55-60,一律不給,6,8,75,32,11,宿舍（單人房）,3,難以升遷,2,加班頻率可接受,allow,,allow,,,
2025-10-09,台北市,醫學中心,台灣基督長老教會馬偕醫療財團法人馬偕紀念醫院,兒科病房,N0,兒科,1:9-10,1:9-10,1:11-12,1:11-12,1:13-15,1:16-17,兩班制,300,200,600,1000,是,,不佔床，需協助功能性護理,有,白班（D）,不一定,3-6 個月,,40-45,合理範圍給,2,8,100,42,15,員工旅遊補助,5,普通,4,團隊互助強,allow,,allow,,,
2025-10-09,基隆市,診所,II 診所,一般病房,專科護理師,兒科,1:9-10,1:11-12,1:13-15,1:13-15,1:13-15,1:16-17,三班制,400,無,1000,800,否,,不佔床，需協助功能性護理,,,2-3 個月,不排夜班,,45-50,合理範圍給,6,10,89,37,13,年度自強活動,4,機會多,4,薪資與制度都優,allow,,allow,,,
2025-10-09,新北市,區域醫院,輔仁大學學校財團法人輔仁大學附設醫院,6C 內科病房,N3,內科,1:7-8,1:9-10,1:11-12,1:16-17,1:13-15,1:18-19,混合制,250,無,500,800,是,約兩週輪一次，下班後待命到隔天早上，被叫回一個月約 1-2 次，有 on call 費,不佔床，需協助功能性護理,,,2-3 個月,,1-2 小時,45-50,合理範圍給,2,7,95,40,14,,4,機會多,4,兒科氣氛溫暖,allow,,,,allow,
2025-10-08 19:11,高雄市,地區醫院,瑞生醫院,安寧病房,副護理長,安寧,1:7-8,1:9-10,1:13-15,1:16-17,1:13-15,1:13-15,混合制,600,無,1200,400,否,,不佔床，需協助功能性護理,,,,6-12 個月,4 小時,45-50,一律給,8,13,97,41,15,,3,普通,2,leader 形同虛設,allow,,,,,
2025-10-08 17:42,新北市,醫學中心,衛生福利部雙和醫院(委託臺北醫學大學興建經營),緩和醫療病房,N4,安寧,1:7-8,1:7-8,1:9-10,1:9-10,1:13-15,1:13-15,兩班制,無,200,800,1000,否,,不佔床，需協助功能性護理,有,白班（D）、小夜（E）、大夜（N）,1 個月內,,1 小時內,45-50,主管判斷,2,5,123,52,18,年度自強活動,4,機會多,3,專科氣氛 OK,allow,,allow,,,
2025-10-08 16:37,彰化縣,區域醫院,秀傳醫療財團法人彰濱秀傳紀念醫院,安寧病房,N3,安寧,1:7-8,1:9-10,1:11-12,1:11-12,1:11-12,1:13-15,兩班制,600,500,1200,無,是,,不佔床，主責行政，少量協助功能性護理,有,白班（D）、大夜（N）,,,,45-50,合理範圍給,6,10,97,41,15,員工餐廳伙食補助,5,機會多,5,案件多但學得快,allow,,allow,,,
2025-10-08 12:36,彰化縣,醫學中心,彰化基督教醫療財團法人彰化基督教兒童醫院,腸胃內科病房,護理長,內科,1:9-10,1:9-10,1:13-15,1:18-19,1:16-17,1:20 以上,三班制,250,300,1200,600,否,,不佔床，需協助功能性護理,有,小夜（E）、大夜（N）,1-2 個月,6-12 個月,2-3 小時,55-60,一律不給,3,9,131,55,20,,3,難以升遷,1,人力過勞且無加班費,allow,,,,,
2025-10-08 09:05,基隆市,區域醫院,長庚醫療財團法人基隆長庚紀念醫院及其情人湖院區,嬰兒室,N2,兒科,1:9-10,1:9-10,1:11-12,1:11-12,1:11-12,1:11-12,兩班制,250,300,無,500,否,,不佔床，主責行政，少量協助功能性護理,有,白班（D）、小夜（E）、大夜（N）,3 個月以上,到職 3 個月內,1-2 小時,45-50,合理範圍給,3,7,91,38,14,員工餐廳伙食補助,3,普通,2,,,,allow,,,
2025-10-08,花蓮縣,醫學中心,佛教慈濟醫療財團法人花蓮慈濟醫院,6C 內科病房,N0,內科,1:7-8,1:11-12,1:11-12,1:16-17,1:13-15,1:18-19,兩班制,無,無,1000,800,是,假日白天待命，被叫回才算加班費,不佔床，需協助功能性護理,有,白班（D）、小夜（E）、大夜（N）,3 個月以上,6-12 個月,,55-60,一律不給,2,4,92,39,14,員工旅遊補助,4,機會多,3,主管管太細,allow,,allow,,allow,
2025-10-08,台東縣,區域醫院,台灣基督長老教會馬偕醫療財團法人台東馬偕紀念醫院,綜合病房,N1,安寧,1:9-10,1:13-15,1:13-15,1:13-15,1:13-15,1:16-17,兩班制,500,250,400,無,是,,佔床（下來當主護），有空協助其他同事,有,小夜（E）,不一定,到職 3 個月內,1 小時內,40-45,主管判斷,2,4,77,32,12,進修學分補助、國外研討會補助,5,機會多,4,資深領班受重視,allow,,allow,,,
2025-10-08,台中市,區域醫院,林新醫療社團法人林新醫院,10B 內科病房,N2,內科,1:7-8,1:7-8,1:11-12,1:11-12,1:11-12,1:11-12,混合制,300,無,無,1000,否,,不佔床，主責行政，少量協助功能性護理,有,大夜（N）,3 個月以上,不排夜班,1 小時內,55-60,一律不給,1,2,94,39,14,醫療費用員工優惠,3,難以升遷,2,主管常 stand-by 不夠,allow,,allow,,,
2025-10-08,台中市,區域醫院,童綜合醫療社團法人童綜合醫院及其沙鹿院區,緩和醫療病房,N1,安寧,1:9-10,1:13-15,1:11-12,1:11-12,1:13-15,1:18-19,混合制,600,無,1000,800,是,假日白天待命，被叫回才算加班費,不佔床，需協助功能性護理,無,,1 個月內,,,40-45,主管判斷,1,7,91,38,14,,3,難以升遷,2,可學到很多技術,allow,,,,allow,
2025-10-07 20:03,高雄市,地區醫院,瑞祥醫院,精神科病房,N2,綜合（混合科）,1:9-10,1:13-15,1:11-12,1:16-17,1:13-15,1:18-19,混合制,200,600,無,800,否,,不佔床，需協助功能性護理,有,白班（D）、小夜（E）,,到職 3 個月內,1 小時內,50-55,一律給,2,5,74,31,11,員工旅遊補助,3,難以升遷,2,常被臨時調班,allow,,allow,,,
2025-10-07 19:16,高雄市,地區醫院,財團法人私立高雄醫學大學附設高醫岡山醫院,9A 外科病房,專科護理師,外科,1:7-8,1:9-10,1:13-15,1:16-17,1:13-15,1:13-15,三班制,600,600,500,1000,否,,佔床（下來當主護），有空協助其他同事,,,1-2 個月,到職 3 個月內,,45-50,合理範圍給,6,10,95,40,14,年度自強活動,3,普通,3,加班頻率可接受,allow,,allow,,,
2025-10-07 16:46,台中市,地區醫院,長安醫院,10B 內科病房,N3,內科,1:9-10,1:13-15,1:11-12,1:13-15,1:13-15,1:16-17,兩班制,250,250,600,無,否,,不佔床，需協助功能性護理,無,,,6-12 個月,,50-55,合理範圍給,2,4,93,39,14,托兒補助,4,機會多,3,,,,allow,,,
2025-10-07 16:06,嘉義市,區域醫院,臺中榮民總醫院嘉義分院,緩和醫療病房,N0,安寧,1:7-8,1:7-8,1:11-12,1:13-15,1:13-15,1:13-15,三班制,250,200,500,無,是,假日白天待命，被叫回才算加班費,佔床（下來當主護），有空協助其他同事,有,小夜（E）、大夜（N）,1-2 個月,6-12 個月,,55-60,主管判斷,5,6,74,31,11,員工旅遊補助,4,機會多,3,兒科氣氛溫暖,allow,,allow,,allow,
2025-10-07 14:15,新竹縣,地區醫院,林醫院,5A 內科病房,N4,內科,1:7-8,1:11-12,1:11-12,1:11-12,1:11-12,1:13-15,混合制,400,500,無,1000,否,,佔床（下來當主護），有空協助其他同事,有,大夜（N）,,到職 3 個月內,,45-50,一律給,5,5,98,41,15,,4,機會多,4,資深領班受重視,allow,,,,,
2025-10-07 07:39,台中市,區域醫院,衛生福利部臺中醫院,兒科病房,N3,兒科,1:6 以下,1:7-8,1:13-15,1:16-17,1:13-15,1:13-15,三班制,250,400,無,800,否,,不佔床，主責行政，少量協助功能性護理,,,1 個月內,到職 3 個月內,1 小時內,45-50,合理範圍給,5,6,105,44,16,生日禮金、三節禮券,3,普通,3,,,,allow,,,
2025-10-07 07:11,新竹市,地區醫院,國軍桃園總醫院新竹分院附設民眾診療服務處,綜合病房,護理長,安寧,1:9-10,1:13-15,1:11-12,1:13-15,1:13-15,1:16-17,兩班制,600,400,1000,800,是,約兩週輪一次，下班後待命到隔天早上，被叫回一個月約 1-2 次，有 on call 費,不佔床，主責行政，少量協助功能性護理,有,大夜（N）,2-3 個月,6-12 個月,1-2 小時,55-60,一律不給,6,9,101,42,15,托兒補助,2,難以升遷,1,主管常 stand-by 不夠,allow,,allow,,allow,
2025-10-07,台北市,區域醫院,基督復臨安息日會醫療財團法人臺安醫院,6C 內科病房,N1,內科,1:7-8,1:11-12,1:11-12,1:11-12,1:16-17,1:20 以上,三班制,400,500,800,1200,否,,佔床（下來當主護），有空協助其他同事,有,白班（D）、小夜（E）、大夜（N）,1 個月內,3-6 個月,1-2 小時,45-50,一律給,3,3,93,39,14,員工健檢自費項目補助,4,機會多,4,安寧團隊互相 support,allow,,allow,,,
2025-10-07,高雄市,區域醫院,國軍高雄總醫院附設民眾診療服務處,一般病房,N1,婦產科,1:9-10,1:9-10,1:11-12,1:13-15,1:11-12,1:16-17,混合制,600,500,800,600,否,,不佔床，主責行政，少量協助功能性護理,有,白班（D）、小夜（E）、大夜（N）,不一定,,2-3 小時,45-50,合理範圍給,8,9,92,39,14,托兒補助,3,機會多,3,門診作息穩定,allow,,allow,,,
2025-10-07,台北市,區域醫院,臺北市立聯合醫院中興院區,兒童病房,N2,兒科,1:9-10,1:9-10,1:13-15,1:13-15,1:13-15,1:18-19,混合制,250,600,500,400,否,,不佔床，需協助功能性護理,,,,6-12 個月,,50-55,一律給,7,9,85,36,13,,4,機會多,3,案件多但學得快,allow,,,,,
2025-10-07,台北市,地區醫院,協和婦女醫院,兒童病房,N0,兒科,1:7-8,1:9-10,1:11-12,1:13-15,1:11-12,1:11-12,混合制,500,300,無,1000,是,約兩週輪一次，下班後待命到隔天早上，被叫回一個月約 1-2 次，有 on call 費,不佔床，主責行政，少量協助功能性護理,無,,3 個月以上,不排夜班,1-2 小時,40-45,主管判斷,4,8,63,30,9,,3,難以升遷,2,,,,,,allow,
2025-10-07,宜蘭縣,診所,NN 診所,腎臟內科病房,護理長,內科,1:7-8,1:7-8,1:11-12,1:16-17,1:11-12,1:16-17,三班制,無,無,1200,600,否,,佔床（下來當主護），有空協助其他同事,有,白班（D）、小夜（E）,3 個月以上,3-6 個月,1-2 小時,55-60,一律不給,6,11,95,40,14,,2,普通,1,,,,,,,
2025-10-07,台北市,醫學中心,台灣基督長老教會馬偕醫療財團法人馬偕兒童醫院,10B 內科病房,N4,內科,1:6 以下,1:9-10,1:9-10,1:13-15,1:13-15,1:16-17,混合制,250,400,無,1000,否,,不佔床，需協助功能性護理,,,,3-6 個月,2-3 小時,50-55,主管判斷,8,13,134,56,20,,4,機會多,4,專科很強值得待,allow,,,,,
2025-10-07,台中市,區域醫院,衛生福利部豐原醫院,腸胃內科病房,N2,內科,1:7-8,1:7-8,1:11-12,1:13-15,1:16-17,1:20 以上,三班制,500,200,500,無,是,約兩週輪一次，下班後待命到隔天早上，被叫回一個月約 1-2 次，有 on call 費,不佔床，主責行政，少量協助功能性護理,無,,3 個月以上,,無,50-55,一律給,3,4,97,41,15,,3,機會多,3,工時長但待遇可,allow,,,,allow,
2025-10-07,台中市,診所,KK 診所,6C 內科病房,N1,內科,1:9-10,1:11-12,1:11-12,1:13-15,1:13-15,1:13-15,三班制,500,無,800,400,是,約兩週輪一次，下班後待命到隔天早上，被叫回一個月約 1-2 次，有 on call 費,不佔床，主責行政，少量協助功能性護理,無,,1 個月內,,2-3 小時,45-50,合理範圍給,3,7,58,30,9,托兒補助,4,機會多,3,兒科氣氛溫暖,allow,,allow,,allow,
2025-10-07,台中市,地區醫院,明德醫院,綜合病房,N2,安寧,1:9-10,1:11-12,1:11-12,1:11-12,1:11-12,1:16-17,三班制,無,200,1200,600,否,,不佔床，需協助功能性護理,,,不一定,1 年以上,2-3 小時,50-55,主管判斷,6,7,82,34,12,托兒補助,3,普通,2,主管管太細,allow,,allow,,,
2025-10-06 22:10,屏東縣,地區醫院,屏東榮民總醫院龍泉分院,一般病房,護理長,內科,1:9-10,1:9-10,1:13-15,1:13-15,1:16-17,1:20 以上,兩班制,250,200,800,400,否,,不佔床，需協助功能性護理,有,白班（D）、小夜（E）、大夜（N）,2-3 個月,到職 3 個月內,,50-55,主管判斷,2,3,102,43,15,員工旅遊補助,3,機會多,3,加班頻率可接受,allow,,allow,,,
2025-10-06 19:16,台北市,醫學中心,三軍總醫院附設民眾診療服務處及其汀州院區,11A 外科病房,N4,外科,1:7-8,1:7-8,1:13-15,1:16-17,1:11-12,1:11-12,混合制,無,300,1200,600,否,,不佔床，需協助功能性護理,,,,3-6 個月,,40-45,一律給,8,9,137,58,21,員工健檢自費項目補助,4,普通,4,安寧團隊互相 support,allow,,allow,,,
2025-10-06 09:10,台北市,醫學中心,長庚醫療財團法人台北長庚紀念醫院,7A 內科病房,N1,內科,1:7-8,1:9-10,1:13-15,1:18-19,1:13-15,1:18-19,三班制,300,250,600,無,否,,不佔床，需協助功能性護理,,,3 個月以上,,1-2 小時,45-50,合理範圍給,5,11,105,44,16,員工餐廳伙食補助,3,普通,3,加班頻率可接受,allow,,allow,,,
2025-10-06,台南市,醫學中心,國立成功大學醫學院附設醫院,9A 外科病房,N1,外科,1:9-10,1:13-15,1:9-10,1:11-12,1:16-17,1:16-17,三班制,300,300,800,600,否,,不佔床，需協助功能性護理,,,1 個月內,3-6 個月,4 小時,45-50,一律給,8,14,100,42,15,生日禮金、三節禮券,4,機會多,5,訓練體系完整,allow,,allow,,,
2025-10-06,彰化縣,地區醫院,員郭醫療社團法人員郭醫院,兒科病房,N1,兒科,1:7-8,1:9-10,1:13-15,1:16-17,1:11-12,1:11-12,兩班制,400,500,無,1000,否,,不佔床，主責行政，少量協助功能性護理,無,,1 個月內,,2-3 小時,55-60,一律不給,8,8,78,33,12,托兒補助,2,普通,1,夜班暴力事件多,allow,,allow,,,
2025-10-06,桃園市,醫學中心,長庚醫療財團法人林口長庚紀念醫院,兒童病房,護理長,兒科,1:9-10,1:11-12,1:11-12,1:16-17,1:13-15,1:16-17,混合制,400,400,800,1000,否,,不佔床，需協助功能性護理,,,不一定,不排夜班,無,45-50,主管判斷,4,10,141,59,21,,4,機會多,4,同事關係好,allow,,,,,
2025-10-06,屏東縣,區域醫院,屏東榮民總醫院,一般病房,N0,綜合（混合科）,1:7-8,1:9-10,1:11-12,1:13-15,1:13-15,1:13-15,三班制,600,300,400,無,否,,佔床（下來當主護），有空協助其他同事,無,,1-2 個月,到職 3 個月內,4 小時,45-50,合理範圍給,3,9,81,34,12,,4,機會多,4,案件多但學得快,allow,,,,,
2025-10-05 17:21,彰化縣,醫學中心,彰化基督教醫療財團法人彰化基督教兒童醫院,精神科病房,N2,綜合（混合科）,1:9-10,1:13-15,1:13-15,1:13-15,1:11-12,1:16-17,兩班制,200,無,400,無,否,,不佔床，主責行政，少量協助功能性護理,無,,不一定,不排夜班,2-3 小時,45-50,主管判斷,4,10,98,41,15,,4,普通,4,資深領班受重視,allow,,,,,
2025-10-05 11:48,新北市,區域醫院,衛生福利部臺北醫院,12A 內科病房,副護理長,內科,1:9-10,1:9-10,1:11-12,1:13-15,1:13-15,1:16-17,三班制,500,無,800,600,否,,不佔床，需協助功能性護理,無,,,,,50-55,合理範圍給,4,6,118,50,18,,4,機會多,3,,,,,,,
2025-10-05 11:47,新北市,地區醫院,天主教耕莘醫療財團法人永和耕莘醫院,11A 外科病房,N0,外科,1:7-8,1:9-10,1:11-12,1:13-15,1:11-12,1:13-15,兩班制,無,300,1000,800,否,,不佔床，主責行政，少量協助功能性護理,,,1-2 個月,,2-3 小時,50-55,合理範圍給,4,4,65,30,10,,3,難以升遷,2,,,,,,,
2025-10-05 11:28,台北市,區域醫院,臺北醫學大學附設醫院,兒科病房,專科護理師,兒科,1:9-10,1:11-12,1:11-12,1:13-15,1:13-15,1:13-15,混合制,400,300,無,800,否,,佔床（下來當主護），有空協助其他同事,有,白班（D）、小夜（E）,,到職 3 個月內,無,55-60,一律不給,7,13,104,44,16,進修學分補助、國外研討會補助,3,普通,2,,,,allow,,,
2025-10-05 09:15,台中市,區域醫院,林新醫療社團法人林新醫院,6C 內科病房,N1,內科,1:9-10,1:13-15,1:13-15,1:13-15,1:16-17,1:20 以上,兩班制,250,無,800,800,是,平日夜間待命，叫回要 30 分鐘內到院,不佔床，需協助功能性護理,,,3 個月以上,,2-3 小時,50-55,一律給,1,1,79,33,12,,5,普通,4,同事關係好,allow,,,,allow,
2025-10-05 07:40,台南市,地區醫院,永和醫院,兒童病房,N4,兒科,1:9-10,1:11-12,1:9-10,1:11-12,1:16-17,1:20 以上,混合制,250,300,400,1000,否,,不佔床，需協助功能性護理,無,,3 個月以上,,,45-50,合理範圍給,6,10,95,40,14,員工健檢自費項目補助,4,機會多,3,,,,allow,,,
2025-10-05,台中市,醫學中心,中國醫藥大學兒童醫院,10B 內科病房,N1,內科,1:9-10,1:9-10,1:13-15,1:18-19,1:13-15,1:18-19,兩班制,600,無,無,600,否,,佔床（下來當主護），有空協助其他同事,,,1-2 個月,,,45-50,合理範圍給,5,6,96,40,14,醫療費用員工優惠,5,機會多,4,訓練體系完整,allow,,allow,,,
2025-10-05,台中市,區域醫院,光田醫療社團法人光田綜合醫院及其大甲院區,嬰兒室,專科護理師,兒科,1:6 以下,1:6 以下,1:13-15,1:16-17,1:13-15,1:13-15,三班制,600,400,無,800,是,平日夜間待命，叫回要 30 分鐘內到院,不佔床，需協助功能性護理,有,白班（D）、小夜（E）,,3-6 個月,2-3 小時,50-55,主管判斷,8,13,112,47,17,,3,機會多,3,,,,,,allow,
2025-10-05,新竹縣,區域醫院,國立臺灣大學醫學院附設醫院新竹臺大分院生醫醫院,心臟內科病房,專科護理師,內科,1:9-10,1:13-15,1:9-10,1:13-15,1:11-12,1:11-12,混合制,無,300,1200,500,是,假日白天待命，被叫回才算加班費,佔床（下來當主護），有空協助其他同事,,,3 個月以上,到職 3 個月內,,45-50,一律給,2,8,112,47,17,,5,普通,4,,,,,,allow,
2025-10-04 16:02,花蓮縣,區域醫院,國軍花蓮總醫院附設民眾診療服務處,婦產科病房,N4,內科,1:6 以下,1:6 以下,1:11-12,1:16-17,1:13-15,1:16-17,三班制,無,無,1200,無,是,每月輪 3-4 次，被叫回頻率低，沒有 on call 費只能補休,佔床（下來當主護），有空協助其他同事,無,,,6-12 個月,2-3 小時,45-50,主管判斷,4,6,119,50,18,員工旅遊補助,4,機會多,4,主管支持度高,allow,,allow,,allow,
2025-10-04,新竹市,醫學中心,國立臺灣大學醫學院附設醫院新竹臺大分院新竹醫院,7A 內科病房,N2,內科,1:6 以下,1:9-10,1:11-12,1:11-12,1:16-17,1:20 以上,三班制,200,無,1200,800,否,,不佔床，主責行政，少量協助功能性護理,,,2-3 個月,到職 3 個月內,,55-60,一律不給,4,9,107,45,16,員工旅遊補助,3,普通,3,主管支持度高,allow,,allow,,,
2025-10-04,台中市,地區醫院,國軍臺中總醫院中清分院附設民眾診療服務處,心智科病房,N1,外科,1:9-10,1:13-15,1:13-15,1:18-19,1:16-17,1:16-17,三班制,400,無,1200,無,是,平日夜間待命，叫回要 30 分鐘內到院,佔床（下來當主護），有空協助其他同事,無,,1 個月內,不排夜班,,50-55,一律給,7,12,74,31,11,進修學分補助、國外研討會補助,4,機會多,3,主管管太細,allow,,allow,,allow,
2025-10-04,高雄市,醫學中心,長庚醫療財團法人高雄長庚紀念醫院,骨科病房,專科護理師,外科,1:7-8,1:7-8,1:13-15,1:13-15,1:11-12,1:11-12,三班制,600,無,1200,800,否,,不佔床，主責行政，少量協助功能性護理,有,白班（D）、小夜（E）、大夜（N）,,,,45-50,合理範圍給,6,10,122,51,18,員工健檢自費項目補助,4,機會多,3,加班頻率可接受,allow,,allow,,,
2025-10-04,新竹縣,區域醫院,國立臺灣大學醫學院附設醫院新竹臺大分院生醫醫院,8B 外科病房,N3,外科,1:6 以下,1:9-10,1:13-15,1:16-17,1:13-15,1:16-17,兩班制,400,200,1000,400,是,每月輪 3-4 次，被叫回頻率低，沒有 on call 費只能補休,佔床（下來當主護），有空協助其他同事,無,,3 個月以上,1 年以上,,50-55,主管判斷,3,4,100,42,15,,3,難以升遷,2,案件量大但有規矩,allow,,,,allow,
2025-10-04,新竹市,區域醫院,新竹市立馬偕兒童醫院(委託台灣基督長老教會馬偕醫療財團法人興建經營),10B 內科病房,N3,內科,1:7-8,1:11-12,1:11-12,1:13-15,1:13-15,1:13-15,兩班制,200,600,400,1200,否,,不佔床，需協助功能性護理,,,1-2 個月,3-6 個月,,55-60,主管判斷,4,6,97,41,15,宿舍（單人房）,3,普通,3,人力穩定但行政會議多,allow,,allow,,,
2025-10-04,高雄市,醫學中心,義大醫療財團法人義大醫院,產後病房,N4,內科,1:6 以下,1:7-8,1:11-12,1:11-12,1:11-12,1:16-17,混合制,無,500,800,800,是,,佔床（下來當主護），有空協助其他同事,無,,3 個月以上,1 年以上,,55-60,主管判斷,8,11,134,56,20,,4,機會多,3,團隊互助強,allow,,,,,
2025-10-03 18:03,彰化縣,地區醫院,仁和醫院,10B 內科病房,N2,內科,1:7-8,1:7-8,1:13-15,1:13-15,1:13-15,1:16-17,三班制,200,300,400,800,否,,佔床（下來當主護），有空協助其他同事,無,,2-3 個月,到職 3 個月內,1 小時內,55-60,一律不給,2,4,70,30,11,員工餐廳伙食補助,3,難以升遷,2,加班沒給,allow,,allow,,,
2025-10-03 10:59,台中市,區域醫院,衛生福利部豐原醫院,6C 內科病房,N2,內科,1:9-10,1:13-15,1:13-15,1:18-19,1:13-15,1:18-19,混合制,300,300,800,400,否,,不佔床，主責行政，少量協助功能性護理,,,2-3 個月,到職 3 個月內,,55-60,主管判斷,4,8,98,41,15,,4,機會多,4,安寧團隊互相 support,allow,,,,,
2025-10-03 09:10,台中市,地區醫院,法務部矯正署臺中監獄附設培德醫院,10B 內科病房,N0,內科,1:9-10,1:13-15,1:13-15,1:18-19,1:13-15,1:18-19,混合制,300,250,500,500,是,約兩週輪一次，下班後待命到隔天早上，被叫回一個月約 1-2 次，有 on call 費,不佔床，主責行政，少量協助功能性護理,無,,,,,40-45,主管判斷,5,6,58,30,9,,4,機會多,4,團隊互助強,allow,,,,allow,
2025-10-03,台中市,地區醫院,仁愛醫療財團法人台中仁愛醫院,神經外科病房,N0,外科,1:9-10,1:9-10,1:11-12,1:11-12,1:13-15,1:18-19,混合制,400,400,無,400,是,每月輪 3-4 次，被叫回頻率低，沒有 on call 費只能補休,佔床（下來當主護），有空協助其他同事,無,,1 個月內,到職 3 個月內,1 小時內,45-50,合理範圍給,3,3,59,30,9,員工健檢自費項目補助,4,機會多,3,案件多但學得快,allow,,allow,,allow,
2025-10-03,彰化縣,診所,HH 診所,一般病房,N0,外科,1:7-8,1:7-8,1:13-15,1:18-19,1:11-12,1:16-17,三班制,250,300,800,600,否,,佔床（下來當主護），有空協助其他同事,,,1-2 個月,,,45-50,一律給,4,6,63,30,9,有員工團保，想了解保單可以私訊我幫你規劃。,5,機會多,5,,,,block,廣告或招攬,,
2025-10-03,屏東縣,地區醫院,屏東榮民總醫院龍泉分院,7A 內科病房,N4,內科,1:7-8,1:11-12,1:13-15,1:16-17,1:13-15,1:16-17,兩班制,400,無,400,500,否,,佔床（下來當主護），有空協助其他同事,無,,1 個月內,,,45-50,合理範圍給,7,8,99,42,15,年度自強活動,4,機會多,3,人力穩定但行政會議多,allow,,allow,,,
2025-10-03,新北市,醫學中心,衛生福利部雙和醫院(委託臺北醫學大學興建經營),緩和醫療病房,N1,安寧,1:7-8,1:11-12,1:13-15,1:16-17,1:13-15,1:18-19,三班制,200,無,1200,600,是,,不佔床，需協助功能性護理,無,,3 個月以上,,1 小時內,45-50,主管判斷,6,11,107,45,16,,4,機會多,3,主管管太細,allow,,,,,
2025-10-02 20:12,台中市,區域醫院,澄清綜合醫院中港分院,骨科病房,N0,外科,1:7-8,1:11-12,1:11-12,1:11-12,1:11-12,1:13-15,兩班制,300,400,400,1200,否,,不佔床，需協助功能性護理,有,小夜（E）,3 個月以上,,,45-50,合理範圍給,6,11,84,35,13,員工健檢自費項目補助,4,機會多,4,主管支持度高,allow,,allow,,,
2025-10-02 18:07,桃園市,診所,HH 診所,8B 外科病房,N2,外科,1:9-10,1:11-12,1:11-12,1:13-15,1:13-15,1:13-15,三班制,無,250,1000,500,是,平日夜間待命，叫回要 30 分鐘內到院,不佔床，需協助功能性護理,有,白班（D）、小夜（E）、大夜（N）,不一定,3-6 個月,2-3 小時,45-50,合理範圍給,1,1,66,30,10,,4,機會多,3,,,,,,allow,
2025-10-02 17:30,台南市,地區醫院,大安婦幼醫院,心臟內科病房,N2,內科,1:7-8,1:7-8,1:13-15,1:16-17,1:13-15,1:13-15,混合制,400,400,無,600,否,,不佔床，需協助功能性護理,,,3 個月以上,,2-3 小時,55-60,主管判斷,2,5,71,30,11,,3,普通,1,主管偏心嚴重,allow,,,,,
2025-10-02 12:54,南投縣,診所,HH 診所,11A 外科病房,N2,外科,1:7-8,1:9-10,1:13-15,1:16-17,1:13-15,1:18-19,混合制,400,500,無,無,是,,不佔床，主責行政，少量協助功能性護理,無,,,,,50-55,合理範圍給,4,8,76,32,11,醫療費用員工優惠,3,機會多,3,氣氛輕鬆,allow,,allow,,,
2025-10-02,彰化縣,醫學中心,彰化基督教醫療財團法人彰化基督教醫院,6C 內科病房,N4,內科,1:9-10,1:11-12,1:11-12,1:13-15,1:11-12,1:11-12,三班制,250,200,600,400,是,平日夜間待命，叫回要 30 分鐘內到院,不佔床，需協助功能性護理,無,,1-2 個月,6-12 個月,,50-55,合理範圍給,2,7,135,57,20,進修學分補助、國外研討會補助,5,機會多,5,氣氛輕鬆,allow,,allow,,allow,
2025-10-01 18:19,桃園市,地區醫院,龍潭敏盛醫院,12A 內科病房,N3,內科,1:7-8,1:7-8,1:13-15,1:18-19,1:13-15,1:16-17,三班制,200,無,1200,無,否,,不佔床，需協助功能性護理,有,大夜（N）,1-2 個月,,1 小時內,55-60,一律不給,2,8,87,37,13,員工餐廳伙食補助,3,普通,2,,,,allow,,,
2025-10-01 12:17,新北市,醫學中心,台灣基督長老教會馬偕醫療財團法人淡水馬偕紀念醫院,12A 內科病房,N0,內科,1:6 以下,1:6 以下,1:13-15,1:16-17,1:13-15,1:18-19,兩班制,無,500,800,1200,否,,佔床（下來當主護），有空協助其他同事,無,,1-2 個月,,,45-50,一律給,8,9,99,42,15,宿舍（單人房）,4,機會多,3,同事關係好,allow,,allow,,,
2025-10-01,高雄市,地區醫院,柏仁醫院,心臟內科病房,N4,內科,1:9-10,1:11-12,1:11-12,1:16-17,1:13-15,1:18-19,混合制,250,400,600,400,是,每月輪 3-4 次，被叫回頻率低，沒有 on call 費只能補休,不佔床，需協助功能性護理,,,1-2 個月,,1 小時內,40-45,一律給,8,10,94,39,14,,5,機會多,4,薪資與制度都優,allow,,,,allow,
2025-10-01,台南市,區域醫院,衛生福利部臺南醫院,婦產科病房,專科護理師,內科,1:7-8,1:9-10,1:11-12,1:16-17,1:13-15,1:16-17,兩班制,600,250,1200,無,是,,佔床（下來當主護），有空協助其他同事,,,,到職 3 個月內,,45-50,合理範圍給,5,10,111,47,17,,3,機會多,3,薪資與制度都優,allow,,,,,
2025-10-01,台中市,區域醫院,林新醫療社團法人林新醫院,骨科病房,N3,外科,1:7-8,1:11-12,1:13-15,1:16-17,1:13-15,1:16-17,混合制,無,600,400,600,否,,佔床（下來當主護），有空協助其他同事,無,,3 個月以上,不排夜班,無,45-50,主管判斷,1,1,104,44,16,托兒補助,4,普通,4,,,,allow,,,
2025-09-30 13:37,新竹市,區域醫院,新竹市立馬偕兒童醫院(委託台灣基督長老教會馬偕醫療財團法人興建經營),緩和醫療病房,N3,安寧,1:6 以下,1:7-8,1:11-12,1:13-15,1:11-12,1:11-12,兩班制,無,250,400,800,否,,不佔床，主責行政，少量協助功能性護理,,,1-2 個月,3-6 個月,2-3 小時,55-60,一律不給,4,8,93,39,14,員工健檢自費項目補助,4,普通,3,新人訓練紮實,allow,,allow,,,
2025-09-30,台東縣,區域醫院,台灣基督長老教會馬偕醫療財團法人台東馬偕紀念醫院,婦產科病房,N2,安寧,1:7-8,1:7-8,1:11-12,1:11-12,1:13-15,1:13-15,兩班制,200,200,400,800,否,,不佔床，需協助功能性護理,有,白班（D）、小夜（E）,2-3 個月,,2-3 小時,55-60,一律不給,3,3,88,37,13,員工旅遊補助,4,機會多,3,,,,allow,,,
2025-09-30,台東縣,診所,MM 診所,婦產科病房,N1,安寧,1:7-8,1:9-10,1:13-15,1:16-17,1:13-15,1:13-15,三班制,200,300,400,1200,是,約兩週輪一次，下班後待命到隔天早上，被叫回一個月約 1-2 次，有 on call 費,不佔床，主責行政，少量協助功能性護理,無,,,1 年以上,,40-45,合理範圍給,4,6,65,30,10,,4,機會多,3,同事關係好,allow,,,,allow,
2025-09-30,花蓮縣,地區醫院,衛生福利部花蓮醫院,腎臟內科病房,N3,內科,1:9-10,1:11-12,1:13-15,1:16-17,1:13-15,1:16-17,兩班制,無,500,1000,無,是,,不佔床，主責行政，少量協助功能性護理,無,,1-2 個月,不排夜班,1-2 小時,50-55,合理範圍給,5,10,79,33,12,,4,機會多,5,我們單位缺人快來，加 LINE 問我，介紹有獎金。,block,廣告或招攬,,,,
2025-09-30,台南市,區域醫院,台南市立醫院(委託秀傳醫療社團法人經營),緩和醫療病房,N3,安寧,1:9-10,1:13-15,1:13-15,1:16-17,1:13-15,1:13-15,混合制,無,400,600,1200,否,,不佔床，主責行政，少量協助功能性護理,有,小夜（E）、大夜（N）,,,4 小時,50-55,一律給,2,5,93,39,14,,3,機會多,3,排班相對人性化,allow,,,,,
2025-09-30,花蓮縣,地區醫院,臺北榮民總醫院鳳林分院,兒科病房,N2,兒科,1:9-10,1:11-12,1:11-12,1:13-15,1:13-15,1:13-15,三班制,500,300,600,1000,是,約兩週輪一次，下班後待命到隔天早上，被叫回一個月約 1-2 次，有 on call 費,佔床（下來當主護），有空協助其他同事,有,小夜（E）,,6-12 個月,,40-45,主管判斷,7,8,70,30,11,,4,機會多,4,,,,,,allow,
2025-09-29 21:38,高雄市,區域醫院,阮綜合醫療社團法人阮綜合醫院,兒科病房,N1,兒科,1:7-8,1:7-8,1:11-12,1:13-15,1:16-17,1:16-17,混合制,250,600,1000,400,否,,不佔床，主責行政，少量協助功能性護理,無,,2-3 個月,不排夜班,無,45-50,主管判斷,2,3,89,37,13,,5,機會多,5,,,,,,,
2025-09-29 20:51,新北市,地區醫院,天主教耕莘醫療財團法人永和耕莘醫院,一般病房,N3,綜合（混合科）,1:6 以下,1:7-8,1:13-15,1:18-19,1:13-15,1:16-17,混合制,400,200,1200,500,否,,不佔床，需協助功能性護理,無,,不一定,,,50-55,合理範圍給,7,9,84,35,13,,3,難以升遷,2,主管管太細,allow,,,,,
2025-09-29 15:17,台中市,地區醫院,忠港醫院,9A 外科病房,N3,外科,1:6 以下,1:6 以下,1:11-12,1:16-17,1:13-15,1:16-17,混合制,無,200,400,1200,是,,佔床（下來當主護），有空協助其他同事,,,,到職 3 個月內,,50-55,主管判斷,4,9,92,39,14,進修學分補助、國外研討會補助,3,難以升遷,2,夜班輪轉公平,allow,,allow,,,
2025-09-29 12:32,桃園市,區域醫院,長庚醫療財團法人桃園長庚紀念醫院及其長青院區,產後病房,護理長,婦產科,1:9-10,1:11-12,1:11-12,1:11-12,1:13-15,1:18-19,混合制,600,400,1200,1200,是,約兩週輪一次，下班後待命到隔天早上，被叫回一個月約 1-2 次，有 on call 費,不佔床，需協助功能性護理,無,,,1 年以上,1 小時內,40-45,合理範圍給,6,10,121,51,18,員工旅遊補助,4,機會多,4,專科很強值得待,allow,,allow,,allow,
2025-09-29 09:59,桃園市,區域醫院,聯新國際醫院,5A 內科病房,N2,內科,1:9-10,1:11-12,1:11-12,1:13-15,1:16-17,1:20 以上,兩班制,600,400,400,無,否,,不佔床，主責行政，少量協助功能性護理,,,,3-6 個月,,40-45,合理範圍給,1,1,88,37,13,員工旅遊補助,5,普通,5,,,,allow,,,
2025-09-29,桃園市,區域醫院,國軍桃園總醫院附設民眾診療服務處,腎臟內科病房,N2,內科,1:7-8,1:7-8,1:9-10,1:13-15,1:13-15,1:13-15,兩班制,400,200,600,1000,否,,佔床（下來當主護），有空協助其他同事,有,白班（D）、小夜（E）,1-2 個月,3-6 個月,4 小時,55-60,一律不給,2,8,87,37,13,,4,機會多,4,,,,,,,
2025-09-29,新北市,區域醫院,國泰醫療財團法人汐止國泰綜合醫院,心智科病房,副護理長,兒科,1:9-10,1:11-12,1:13-15,1:18-19,1:16-17,1:18-19,三班制,300,500,無,1200,否,,不佔床，需協助功能性護理,有,白班（D）、小夜（E）、大夜（N）,,到職 3 個月內,,45-50,合理範圍給,1,7,105,44,16,進修學分補助、國外研討會補助,3,機會多,3,門診作息穩定,allow,,allow,,,
2025-09-28 19:15,台中市,醫學中心,中山醫學大學附設醫院,綜合病房,N2,綜合（混合科）,1:9-10,1:9-10,1:9-10,1:11-12,1:11-12,1:13-15,混合制,250,500,無,無,是,,不佔床，主責行政，少量協助功能性護理,無,,3 個月以上,,4 小時,45-50,主管判斷,2,2,102,43,15,,4,普通,4,專科很強值得待,allow,,,,,
2025-09-28 12:43,高雄市,地區醫院,高新醫院,6C 內科病房,專科護理師,內科,1:7-8,1:9-10,1:13-15,1:16-17,1:13-15,1:18-19,混合制,500,250,1000,800,是,每月輪 3-4 次，被叫回頻率低，沒有 on call 費只能補休,不佔床，主責行政，少量協助功能性護理,有,白班（D）、小夜（E）、大夜（N）,,,無,45-50,主管判斷,1,1,97,41,15,,4,機會多,4,專科很強值得待,allow,,,,allow,
2025-09-28,花蓮縣,診所,II 診所,6C 內科病房,專科護理師,內科,1:7-8,1:11-12,1:9-10,1:9-10,1:13-15,1:13-15,三班制,600,200,1000,400,否,,不佔床，需協助功能性護理,有,小夜（E）、大夜（N）,,1 年以上,1 小時內,40-45,主管判斷,6,12,81,34,12,醫療費用員工優惠,4,機會多,4,,,,allow,,,
2025-09-28,台北市,醫學中心,台灣基督長老教會馬偕醫療財團法人馬偕兒童醫院,神經外科病房,N4,外科,1:9-10,1:11-12,1:13-15,1:18-19,1:13-15,1:16-17,三班制,200,無,600,無,是,每月輪 3-4 次，被叫回頻率低，沒有 on call 費只能補休,不佔床，主責行政，少量協助功能性護理,,,,,,45-50,合理範圍給,3,8,134,56,20,員工旅遊補助,3,難以升遷,2,,,,allow,,allow,
2025-09-27 19:00,台北市,地區醫院,協和婦女醫院,心臟內科病房,N0,內科,1:9-10,1:11-12,1:13-15,1:13-15,1:13-15,1:13-15,混合制,300,600,600,1000,否,,不佔床，主責行政，少量協助功能性護理,,,3 個月以上,3-6 個月,無,55-60,一律不給,8,9,73,31,11,進修學分補助、國外研討會補助,3,普通,3,夜班輪轉公平,allow,,allow,,,
2025-09-27 16:14,桃園市,地區醫院,大園敏盛醫院,骨科病房,N4,外科,1:7-8,1:11-12,1:11-12,1:16-17,1:13-15,1:13-15,兩班制,300,600,500,無,否,,不佔床，需協助功能性護理,有,白班（D）、小夜（E）、大夜（N）,3 個月以上,不排夜班,4 小時,40-45,合理範圍給,4,7,102,43,15,托兒補助,4,機會多,3,訓練體系完整,allow,,allow,,,
2025-09-27 12:03,新竹市,區域醫院,新竹市立馬偕兒童醫院(委託台灣基督長老教會馬偕醫療財團法人興建經營),緩和醫療病房,N1,安寧,1:6 以下,1:7-8,1:9-10,1:11-12,1:13-15,1:13-15,三班制,500,300,600,500,是,約兩週輪一次，下班後待命到隔天早上，被叫回一個月約 1-2 次，有 on call 費,佔床（下來當主護），有空協助其他同事,,,,3-6 個月,,45-50,一律給,6,6,90,38,14,,4,機會多,3,安寧團隊互相 support,allow,,,,allow,
2025-09-27,新竹市,醫學中心,國立臺灣大學醫學院附設醫院新竹臺大分院新竹醫院,心臟內科病房,護理長,內科,1:7-8,1:9-10,1:13-15,1:16-17,1:13-15,1:16-17,三班制,400,600,400,無,是,約兩週輪一次，下班後待命到隔天早上，被叫回一個月約 1-2 次，有 on call 費,不佔床，主責行政，少量協助功能性護理,有,大夜（N）,,3-6 個月,,45-50,一律給,8,14,127,53,19,,4,普通,3,排班相對人性化,allow,,,,allow,
2025-09-27,屏東縣,地區醫院,大新醫院,緩和醫療病房,N1,安寧,1:7-8,1:7-8,1:11-12,1:16-17,1:11-12,1:16-17,兩班制,400,600,600,1200,是,,不佔床，主責行政，少量協助功能性護理,,,不一定,1 年以上,無,45-50,主管判斷,4,7,78,33,12,,3,難以升遷,2,主管管太細,allow,,,,,
2025-09-27,台中市,醫學中心,中國醫藥大學附設醫院,腸胃內科病房,N2,內科,1:7-8,1:11-12,1:11-12,1:13-15,1:13-15,1:18-19,兩班制,250,500,600,800,否,,不佔床，主責行政，少量協助功能性護理,有,白班（D）,,,2-3 小時,45-50,主管判斷,1,5,110,46,17,,4,機會多,3,,,,,,,
2025-09-27,高雄市,區域醫院,高雄市立小港醫院（委託財團法人私立高雄醫學大學經營）,綜合病房,N4,兒科,1:9-10,1:13-15,1:11-12,1:13-15,1:13-15,1:18-19,兩班制,300,200,1200,1000,是,約兩週輪一次，下班後待命到隔天早上，被叫回一個月約 1-2 次，有 on call 費,不佔床，主責行政，少量協助功能性護理,有,小夜（E）,3 個月以上,3-6 個月,1 小時內,40-45,合理範圍給,7,9,122,51,18,醫療費用員工優惠,3,機會多,3,,,,allow,,allow,
2025-09-27,台中市,地區醫院,台新醫院,兒科病房,N1,兒科,1:6 以下,1:6 以下,1:9-10,1:13-15,1:13-15,1:18-19,兩班制,500,300,1200,400,否,,佔床（下來當主護），有空協助其他同事,有,白班（D）、小夜（E）,3 個月以上,1 年以上,2-3 小時,50-55,主管判斷,7,12,74,31,11,,4,普通,3,人力穩定但行政會議多,allow,,,,,
2025-09-26,新竹市,區域醫院,台灣基督長老教會馬偕醫療財團法人新竹馬偕紀念醫院,精神科病房,N3,外科,1:9-10,1:11-12,1:11-12,1:16-17,1:13-15,1:16-17,三班制,200,300,1000,600,是,,不佔床，主責行政，少量協助功能性護理,,,2-3 個月,1 年以上,,45-50,主管判斷,1,7,107,45,16,,4,普通,4,安寧團隊互相 support,allow,,,,,
2025-09-26,花蓮縣,地區醫院,衛生福利部花蓮醫院,9A 外科病房,N1,外科,1:7-8,1:9-10,1:13-15,1:16-17,1:13-15,1:13-15,三班制,600,400,400,無,否,,佔床（下來當主護），有空協助其他同事,有,白班（D）,1-2 個月,不排夜班,1-2 小時,45-50,合理範圍給,5,11,65,30,10,員工健檢自費項目補助,4,機會多,3,團隊互助強,allow,,allow,,,
2025-09-26,台北市,醫學中心,臺北榮民總醫院,8B 外科病房,專科護理師,外科,1:7-8,1:9-10,1:11-12,1:11-12,1:13-15,1:16-17,兩班制,無,400,600,600,是,平日夜間待命，叫回要 30 分鐘內到院,不佔床，需協助功能性護理,有,小夜（E）,2-3 個月,不排夜班,4 小時,45-50,主管判斷,4,8,118,50,18,,4,機會多,3,同事關係好,allow,,,,allow,
2025-09-26,桃園市,地區醫院,祐民醫院,兒童病房,N2,兒科,1:9-10,1:13-15,1:13-15,1:13-15,1:13-15,1:13-15,兩班制,300,500,1200,400,否,,佔床（下來當主護），有空協助其他同事,,,1 個月內,3-6 個月,無,40-45,一律給,6,9,82,34,12,生日禮金、三節禮券,4,機會多,3,可學到很多技術,allow,,allow,,,
2025-09-26,台中市,地區醫院,林新醫療社團法人烏日林新醫院,5A 內科病房,N1,內科,1:7-8,1:9-10,1:11-12,1:13-15,1:13-15,1:16-17,兩班制,無,500,400,400,否,,佔床（下來當主護），有空協助其他同事,,,3 個月以上,不排夜班,4 小時,45-50,合理範圍給,3,7,69,30,10,生日禮金、三節禮券,4,機會多,3,中部醫院 case 量適中,allow,,allow,,,
2025-09-25 13:43,基隆市,區域醫院,長庚醫療財團法人基隆長庚紀念醫院及其情人湖院區,一般病房,N0,外科,1:9-10,1:13-15,1:11-12,1:16-17,1:13-15,1:13-15,三班制,600,無,800,無,是,,佔床（下來當主護），有空協助其他同事,有,白班（D）、小夜（E）、大夜（N）,1-2 個月,3-6 個月,4 小時,45-50,合理範圍給,3,4,79,33,12,,4,普通,3,案件多但學得快,allow,,,,,
2025-09-25 08:55,台北市,醫學中心,臺北榮民總醫院,一般病房,專科護理師,婦產科,1:7-8,1:7-8,1:13-15,1:18-19,1:13-15,1:18-19,混合制,600,200,1200,800,是,,不佔床，主責行政，少量協助功能性護理,有,白班（D）、小夜（E）、大夜（N）,3 個月以上,到職 3 個月內,無,40-45,合理範圍給,7,9,116,49,17,生日禮金、三節禮券,4,機會多,3,中部醫院 case 量適中,allow,,allow,,,
2025-09-25,高雄市,地區醫院,正大醫院,10B 內科病房,N3,內科,1:9-10,1:13-15,1:11-12,1:11-12,1:13-15,1:18-19,混合制,300,500,600,400,否,,不佔床，需協助功能性護理,有,大夜（N）,,到職 3 個月內,,45-50,主管判斷,8,11,81,34,12,,5,機會多,4,,,,,,,
2025-09-25,嘉義市,地區醫院,陽明醫院,6C 內科病房,N2,內科,1:6 以下,1:6 以下,1:13-15,1:16-17,1:13-15,1:16-17,混合制,600,250,無,無,否,,不佔床，主責行政，少量協助功能性護理,有,白班（D）、小夜（E）、大夜（N）,3 個月以上,,,55-60,主管判斷,2,3,75,32,11,員工旅遊補助,4,機會多,3,中部醫院 case 量適中,allow,,allow,,,
2025-09-25,台北市,醫學中心,國泰醫療財團法人國泰綜合醫院,兒科病房,N1,兒科,1:7-8,1:9-10,1:13-15,1:18-19,1:16-17,1:18-19,三班制,500,200,無,400,是,約兩週輪一次，下班後待命到隔天早上，被叫回一個月約 1-2 次，有 on call 費,不佔床，主責行政，少量協助功能性護理,無,,1 個月內,1 年以上,1-2 小時,50-55,主管判斷,5,9,104,44,16,,5,機會多,4,,,,,,allow,
2025-09-25,花蓮縣,區域醫院,國軍花蓮總醫院附設民眾診療服務處,安寧病房,護理長,安寧,1:9-10,1:11-12,1:11-12,1:11-12,1:16-17,1:16-17,三班制,300,200,1200,600,否,,不佔床，主責行政，少量協助功能性護理,,,,到職 3 個月內,2-3 小時,45-50,一律給,5,6,126,53,19,進修學分補助、國外研討會補助,3,普通,2,常被臨時調班,allow,,allow,,,
2025-09-24 23:36,台北市,醫學中心,國立臺灣大學醫學院附設醫院兒童醫院,兒科病房,專科護理師,兒科,1:9-10,1:9-10,1:9-10,1:13-15,1:16-17,1:20 以上,三班制,300,無,1000,600,是,每月輪 3-4 次，被叫回頻率低，沒有 on call 費只能補休,不佔床，主責行政，少量協助功能性護理,有,白班（D）、小夜（E）、大夜（N）,,到職 3 個月內,,50-55,合理範圍給,5,8,125,53,19,員工旅遊補助,3,機會多,3,,,,allow,,allow,
2025-09-24 21:52,桃園市,地區醫院,聯新國際醫院桃新分院,產後病房,副護理長,綜合（混合科）,1:9-10,1:11-12,1:13-15,1:13-15,1:13-15,1:13-15,兩班制,500,200,500,600,是,,不佔床，主責行政，少量協助功能性護理,有,小夜（E）、大夜（N）,不一定,不排夜班,4 小時,45-50,合理範圍給,1,5,90,38,14,托兒補助,4,機會多,4,同事關係好,allow,,allow,,,
2025-09-24,台中市,醫學中心,中山醫學大學附設醫院,神經外科病房,專科護理師,外科,1:6 以下,1:9-10,1:13-15,1:16-17,1:13-15,1:13-15,兩班制,500,200,400,500,是,假日白天待命，被叫回才算加班費,佔床（下來當主護），有空協助其他同事,無,,1 個月內,不排夜班,2-3 小時,50-55,合理範圍給,7,12,120,50,18,,2,難以升遷,1,人力極端不足,allow,,,,allow,
2025-09-24,新北市,區域醫院,國泰醫療財團法人汐止國泰綜合醫院,安寧病房,N2,安寧,1:7-8,1:11-12,1:13-15,1:16-17,1:13-15,1:13-15,三班制,600,200,無,600,是,,不佔床，主責行政，少量協助功能性護理,,,2-3 個月,,,50-55,主管判斷,5,10,90,38,14,,3,機會多,3,,,,,,,
2025-09-24,新北市,診所,KK 診所,神經外科病房,N2,外科,1:7-8,1:11-12,1:13-15,1:16-17,1:16-17,1:20 以上,混合制,500,500,500,400,是,假日白天待命，被叫回才算加班費,不佔床，需協助功能性護理,,,2-3 個月,1 年以上,1-2 小時,40-45,合理範圍給,5,9,74,31,11,年度自強活動,3,難以升遷,2,被當打雜,allow,,allow,,allow,
2025-09-24,台北市,醫學中心,三軍總醫院附設民眾診療服務處及其汀州院區,一般病房,N0,綜合（混合科）,1:6 以下,1:6 以下,1:11-12,1:11-12,1:13-15,1:16-17,兩班制,250,500,600,500,是,每月輪 3-4 次，被叫回頻率低，沒有 on call 費只能補休,佔床（下來當主護），有空協助其他同事,無,,,到職 3 個月內,無,50-55,合理範圍給,1,4,100,42,15,員工餐廳伙食補助,5,機會多,5,,,,allow,,allow,
2025-09-24,台北市,醫學中心,國泰醫療財團法人國泰綜合醫院,11A 外科病房,專科護理師,外科,1:7-8,1:11-12,1:11-12,1:13-15,1:16-17,1:16-17,兩班制,300,500,1000,1000,否,,不佔床，主責行政，少量協助功能性護理,有,大夜（N）,1 個月內,不排夜班,無,55-60,主管判斷,5,5,118,50,18,,5,普通,4,,,,,,,
2025-09-24,花蓮縣,醫學中心,佛教慈濟醫療財團法人花蓮慈濟醫院,精神科病房,N2,婦產科,1:7-8,1:11-12,1:9-10,1:9-10,1:13-15,1:13-15,兩班制,250,200,1000,500,否,,不佔床，主責行政，少量協助功能性護理,,,3 個月以上,不排夜班,,45-50,合理範圍給,8,14,107,45,16,員工旅遊補助,4,機會多,3,案件多但學得快,allow,,allow,,,
2025-09-24,高雄市,地區醫院,三聖醫院,12A 內科病房,護理長,內科,1:9-10,1:13-15,1:11-12,1:13-15,1:13-15,1:16-17,混合制,250,300,1000,400,否,,佔床（下來當主護），有空協助其他同事,,,2-3 個月,3-6 個月,4 小時,55-60,一律不給,8,9,104,44,16,,4,機會多,3,可學到很多技術,allow,,,,,
2025-09-24,苗栗縣,地區醫院,協和醫院,12A 內科病房,N3,內科,1:7-8,1:11-12,1:11-12,1:11-12,1:13-15,1:16-17,兩班制,200,250,600,無,否,,佔床（下來當主護），有空協助其他同事,有,白班（D）、大夜（N）,2-3 個月,到職 3 個月內,1-2 小時,55-60,一律不給,8,12,84,35,13,,3,難以升遷,2,沒人沒錢沒尊重,allow,,,,,
2025-09-23 22:42,嘉義縣,區域醫院,佛教慈濟醫療財團法人大林慈濟醫院,12A 內科病房,N2,內科,1:7-8,1:7-8,1:13-15,1:18-19,1:11-12,1:11-12,兩班制,250,200,500,1200,否,,佔床（下來當主護），有空協助其他同事,有,白班（D）、小夜（E）、大夜（N）,,不排夜班,1 小時內,45-50,主管判斷,2,8,85,36,13,宿舍（單人房）,4,普通,4,訓練體系完整,allow,,allow,,,
2025-09-23 15:45,桃園市,區域醫院,沙爾德聖保祿修女會醫療財團法人聖保祿醫院,12A 內科病房,副護理長,內科,1:7-8,1:7-8,1:11-12,1:16-17,1:13-15,1:13-15,混合制,無,200,1200,無,是,每月輪 3-4 次，被叫回頻率低，沒有 on call 費只能補休,佔床（下來當主護），有空協助其他同事,無,,1 個月內,3-6 個月,,55-60,一律不給,5,5,117,49,18,,2,難以升遷,1,,,,,,allow,
2025-09-23 08:41,宜蘭縣,區域醫院,國立陽明交通大學附設醫院及其新民院區,12A 內科病房,N3,內科,1:9-10,1:11-12,1:9-10,1:13-15,1:11-12,1:11-12,兩班制,無,200,1000,800,否,,不佔床，需協助功能性護理,無,,3 個月以上,3-6 個月,,40-45,主管判斷,5,8,108,45,16,年度自強活動,4,機會多,4,案件多但學得快,allow,,allow,,,
2025-09-23,花蓮縣,區域醫院,臺灣基督教門諾會醫療財團法人門諾醫院,嬰兒室,N1,兒科,1:7-8,1:11-12,1:11-12,1:13-15,1:13-15,1:16-17,兩班制,300,無,無,400,否,,不佔床，主責行政，少量協助功能性護理,,,,到職 3 個月內,2-3 小時,55-60,一律不給,2,7,86,36,13,生日禮金、三節禮券,3,難以升遷,2,人力過勞且無加班費,allow,,allow,,,
2025-09-23,新北市,醫學中心,醫療財團法人徐元智先生醫藥基金會亞東紀念醫院,產後病房,專科護理師,外科,1:7-8,1:7-8,1:11-12,1:11-12,1:16-17,1:16-17,混合制,600,200,1000,800,否,,不佔床，需協助功能性護理,有,小夜（E）、大夜（N）,2-3 個月,1 年以上,1 小時內,50-55,合理範圍給,4,8,118,50,18,進修學分補助、國外研討會補助,4,普通,4,排班相對人性化,allow,,allow,,,
2025-09-23,台北市,區域醫院,臺北市立聯合醫院忠孝院區,10B 內科病房,N3,內科,1:6 以下,1:6 以下,1:9-10,1:9-10,1:11-12,1:13-15,兩班制,500,600,800,600,是,,佔床（下來當主護），有空協助其他同事,,,,1 年以上,,45-50,一律給,3,8,101,42,15,員工旅遊補助,4,機會多,3,那個資深的〇姐超級機車，看到她就想吐，真的很垃圾。,block,人身攻擊或威脅,allow,,,
2025-09-23,屏東縣,區域醫院,屏東榮民總醫院,兒科病房,N1,兒科,1:6 以下,1:6 以下,1:11-12,1:11-12,1:13-15,1:16-17,兩班制,300,500,1000,800,是,約兩週輪一次，下班後待命到隔天早上，被叫回一個月約 1-2 次，有 on call 費,不佔床，主責行政，少量協助功能性護理,有,白班（D）、大夜（N）,2-3 個月,1 年以上,4 小時,40-45,合理範圍給,3,5,88,37,13,年度自強活動,3,機會多,3,薪資與制度都優,allow,,allow,,allow,
2025-09-23,桃園市,區域醫院,敏盛綜合醫院,兒童病房,N3,兒科,1:7-8,1:7-8,1:13-15,1:18-19,1:13-15,1:18-19,混合制,200,300,1000,600,是,平日夜間待命，叫回要 30 分鐘內到院,不佔床，需協助功能性護理,有,白班（D）、小夜（E）、大夜（N）,2-3 個月,3-6 個月,2-3 小時,45-50,合理範圍給,3,9,98,41,15,,3,難以升遷,2,案件量大但有規矩,allow,,,,allow,
2025-09-23,台北市,醫學中心,國立臺灣大學醫學院附設醫院兒童醫院,綜合病房,N3,外科,1:9-10,1:11-12,1:13-15,1:18-19,1:13-15,1:16-17,三班制,500,300,1000,1000,否,,佔床（下來當主護），有空協助其他同事,,,3 個月以上,3-6 個月,,45-50,一律給,3,3,108,45,16,生日禮金、三節禮券,3,普通,2,工時超長,allow,,allow,,,
2025-09-23,新北市,地區醫院,同仁醫院,嬰兒室,N1,兒科,1:7-8,1:9-10,1:13-15,1:18-19,1:13-15,1:13-15,三班制,無,200,500,800,是,,不佔床，主責行政，少量協助功能性護理,有,白班（D）、小夜（E）、大夜（N）,1-2 個月,,1-2 小時,40-45,合理範圍給,4,5,66,30,10,,5,機會多,4,兒科氣氛溫暖,allow,,,,,
2025-09-23,台北市,區域醫院,國立臺灣大學醫學院附設醫院癌醫中心分院,婦產科病房,N2,內科,1:7-8,1:11-12,1:11-12,1:11-12,1:16-17,1:16-17,兩班制,無,300,600,無,是,平日夜間待命，叫回要 30 分鐘內到院,佔床（下來當主護），有空協助其他同事,有,大夜（N）,2-3 個月,,,55-60,一律不給,1,7,92,39,14,年度自強活動,3,機會多,3,訓練體系完整,allow,,allow,,allow,
2025-09-22 14:34,宜蘭縣,區域醫院,天主教靈醫會醫療財團法人羅東聖母醫院,8B 外科病房,N0,外科,1:7-8,1:7-8,1:11-12,1:16-17,1:13-15,1:13-15,混合制,500,200,800,1000,否,,不佔床，需協助功能性護理,,,2-3 個月,,2-3 小時,45-50,一律給,4,6,80,34,12,,4,機會多,3,團隊互助強,allow,,,,,
2025-09-22 10:00,雲林縣,區域醫院,中國醫藥大學北港附設醫院,12A 內科病房,N4,內科,1:7-8,1:11-12,1:11-12,1:16-17,1:13-15,1:18-19,混合制,無,無,400,500,否,,佔床（下來當主護），有空協助其他同事,無,,1-2 個月,到職 3 個月內,4 小時,55-60,一律不給,2,4,116,49,17,,3,普通,2,工時超長,allow,,,,,
2025-09-22,新北市,醫學中心,佛教慈濟醫療財團法人台北慈濟醫院,綜合病房,護理長,外科,1:9-10,1:13-15,1:9-10,1:13-15,1:11-12,1:13-15,兩班制,200,無,無,800,是,假日白天待命，被叫回才算加班費,不佔床，需協助功能性護理,無,,1-2 個月,6-12 個月,無,40-45,合理範圍給,1,3,133,56,20,托兒補助,4,機會多,3,薪資與制度都優,allow,,allow,,allow,
2025-09-22,桃園市,地區醫院,聯新國際醫院桃新分院,婦產科病房,N0,婦產科,1:7-8,1:7-8,1:11-12,1:16-17,1:13-15,1:13-15,混合制,300,250,500,1000,否,,佔床（下來當主護），有空協助其他同事,,,2-3 個月,,2-3 小時,40-45,主管判斷,1,7,64,30,10,宿舍（單人房）,4,機會多,4,主管支持度高,allow,,allow,,,
2025-09-22,台東縣,地區醫院,天主教花蓮教區醫療財團法人台東聖母醫院,10B 內科病房,N2,內科,1:7-8,1:7-8,1:13-15,1:18-19,1:13-15,1:16-17,混合制,300,500,500,無,是,假日白天待命，被叫回才算加班費,不佔床，需協助功能性護理,有,白班（D）、小夜（E）,不一定,1 年以上,1-2 小時,45-50,主管判斷,7,8,69,30,10,員工餐廳伙食補助,4,機會多,4,案件多但學得快,allow,,allow,,allow,
2025-09-22,苗栗縣,診所,HH 診所,緩和醫療病房,N1,安寧,1:6 以下,1:9-10,1:11-12,1:13-15,1:13-15,1:18-19,三班制,200,500,600,600,否,,佔床（下來當主護），有空協助其他同事,有,白班（D）,2-3 個月,1 年以上,1-2 小時,50-55,一律給,3,8,65,30,10,進修學分補助、國外研討會補助,5,普通,5,主管支持度高,allow,,allow,,,
2025-09-22,台北市,醫學中心,長庚醫療財團法人台北長庚紀念醫院,10B 內科病房,N2,內科,1:7-8,1:11-12,1:11-12,1:13-15,1:16-17,1:18-19,三班制,200,500,600,800,是,,佔床（下來當主護），有空協助其他同事,,,,,,45-50,合理範圍給,6,9,106,45,16,,4,機會多,3,可學到很多技術,allow,,,,,
2025-09-21 16:57,台中市,醫學中心,中山醫學大學附設醫院,嬰兒室,N3,兒科,1:9-10,1:11-12,1:13-15,1:13-15,1:13-15,1:13-15,三班制,200,200,400,無,是,每月輪 3-4 次，被叫回頻率低，沒有 on call 費只能補休,佔床（下來當主護），有空協助其他同事,有,白班（D）、小夜（E）、大夜（N）,1 個月內,3-6 個月,,40-45,合理範圍給,4,7,121,51,18,,4,普通,3,新人訓練紮實,allow,,,,allow,
2025-09-21 16:30,嘉義縣,區域醫院,長庚醫療財團法人嘉義長庚紀念醫院,12A 內科病房,N2,內科,1:7-8,1:11-12,1:11-12,1:13-15,1:13-15,1:13-15,三班制,400,250,無,500,是,約兩週輪一次，下班後待命到隔天早上，被叫回一個月約 1-2 次，有 on call 費,不佔床，需協助功能性護理,,,,,1 小時內,50-55,主管判斷,8,9,84,35,13,員工餐廳伙食補助,4,機會多,3,,,,allow,,allow,
2025-09-21 15:48,宜蘭縣,診所,GG 診所,11A 外科病房,N2,外科,1:6 以下,1:6 以下,1:11-12,1:13-15,1:13-15,1:18-19,混合制,無,無,500,600,否,,不佔床，需協助功能性護理,有,白班（D）、小夜（E）、大夜（N）,1-2 個月,,1-2 小時,45-50,一律給,1,5,77,32,12,,3,機會多,3,人力穩定但行政會議多,allow,,,,,
2025-09-21 12:47,彰化縣,醫學中心,彰化基督教醫療財團法人彰化基督教醫院,5A 內科病房,副護理長,內科,1:9-10,1:13-15,1:11-12,1:13-15,1:13-15,1:16-17,混合制,500,400,500,800,否,,不佔床，主責行政，少量協助功能性護理,無,,3 個月以上,1 年以上,1 小時內,45-50,合理範圍給,3,5,118,50,18,,4,機會多,3,訓練體系完整,allow,,,,,
2025-09-21,高雄市,區域醫院,高雄市立聯合醫院,嬰兒室,專科護理師,兒科,1:9-10,1:11-12,1:11-12,1:16-17,1:13-15,1:13-15,三班制,250,600,400,600,是,平日夜間待命，叫回要 30 分鐘內到院,佔床（下來當主護），有空協助其他同事,無,,不一定,6-12 個月,2-3 小時,45-50,主管判斷,7,11,99,42,15,員工旅遊補助,4,機會多,4,同事關係好,allow,,allow,,allow,
2025-09-21,台北市,診所,MM 診所,神經外科病房,護理長,外科,1:9-10,1:9-10,1:11-12,1:11-12,1:16-17,1:20 以上,三班制,無,300,1000,400,否,,不佔床，需協助功能性護理,無,,不一定,到職 3 個月內,,45-50,合理範圍給,2,4,95,40,14,生日禮金、三節禮券,4,機會多,3,護理長王〇〇每天在交班時點名罵人，副護理長也不敢講話。,block,揭露第三人身分,allow,,,
2025-09-21,台北市,區域醫院,基督復臨安息日會醫療財團法人臺安醫院,神經外科病房,副護理長,外科,1:7-8,1:9-10,1:11-12,1:11-12,1:13-15,1:18-19,兩班制,250,600,600,1000,是,平日夜間待命，叫回要 30 分鐘內到院,不佔床，主責行政，少量協助功能性護理,,,3 個月以上,6-12 個月,無,55-60,主管判斷,7,11,115,48,17,員工旅遊補助,2,難以升遷,1,夜班暴力事件多,allow,,allow,,allow,
2025-09-21,台北市,醫學中心,台灣基督長老教會馬偕醫療財團法人馬偕紀念醫院,緩和醫療病房,N1,安寧,1:9-10,1:11-12,1:13-15,1:16-17,1:13-15,1:16-17,兩班制,200,600,400,600,否,,不佔床，需協助功能性護理,,,3 個月以上,不排夜班,1-2 小時,40-45,合理範圍給,8,13,92,39,14,,3,普通,2,工時長到爆,allow,,,,,
2025-09-21,高雄市,區域醫院,國軍高雄總醫院附設民眾診療服務處,兒童病房,N2,兒科,1:9-10,1:11-12,1:9-10,1:9-10,1:16-17,1:20 以上,混合制,500,200,1200,無,是,每月輪 3-4 次，被叫回頻率低，沒有 on call 費只能補休,佔床（下來當主護），有空協助其他同事,無,,,6-12 個月,4 小時,45-50,合理範圍給,2,2,91,38,14,年度自強活動,4,普通,4,資深領班受重視,allow,,allow,,allow,
2025-09-20 14:29,台中市,地區醫院,仁愛醫療財團法人台中仁愛醫院,綜合病房,N1,兒科,1:9-10,1:11-12,1:11-12,1:13-15,1:13-15,1:18-19,混合制,600,600,1000,無,否,,不佔床，主責行政，少量協助功能性護理,有,白班（D）、小夜（E）,,到職 3 個月內,2-3 小時,45-50,一律給,8,14,64,30,10,員工旅遊補助,3,普通,2,沒人沒錢沒尊重,allow,,allow,,,
2025-09-20 13:58,新北市,醫學中心,台灣基督長老教會馬偕醫療財團法人淡水馬偕紀念醫院,5A 內科病房,護理長,內科,1:7-8,1:11-12,1:11-12,1:16-17,1:16-17,1:18-19,三班制,250,400,無,1000,是,約兩週輪一次，下班後待命到隔天早上，被叫回一個月約 1-2 次，有 on call 費,佔床（下來當主護），有空協助其他同事,有,大夜（N）,1-2 個月,,,40-45,一律給,5,11,138,58,21,,3,機會多,3,專科氣氛 OK,allow,,,,allow,
2025-09-20 10:57,台中市,地區醫院,清泉醫院,綜合病房,N2,安寧,1:7-8,1:9-10,1:13-15,1:18-19,1:16-17,1:20 以上,三班制,250,400,500,無,是,,不佔床，需協助功能性護理,,,,,2-3 小時,55-60,一律不給,8,13,69,30,10,員工旅遊補助,4,機會多,3,,,,allow,,,
2025-09-20 09:02,台北市,區域醫院,國立臺灣大學醫學院附設醫院癌醫中心分院,兒童病房,N2,兒科,1:9-10,1:9-10,1:13-15,1:16-17,1:13-15,1:13-15,三班制,250,200,1000,1200,否,,不佔床，主責行政，少量協助功能性護理,有,白班（D）、小夜（E）,,3-6 個月,無,45-50,主管判斷,8,13,88,37,13,員工旅遊補助,4,普通,3,案件多但學得快,allow,,allow,,,
2025-09-20,新北市,醫學中心,佛教慈濟醫療財團法人台北慈濟醫院,精神科病房,N2,兒科,1:7-8,1:7-8,1:13-15,1:13-15,1:13-15,1:13-15,混合制,300,無,600,500,是,每月輪 3-4 次，被叫回頻率低，沒有 on call 費只能補休,佔床（下來當主護），有空協助其他同事,,,不一定,到職 3 個月內,1 小時內,40-45,一律給,2,2,97,41,15,,3,機會多,3,加班頻率可接受,allow,,,,allow,
2025-09-20,台中市,區域醫院,光田醫療社團法人光田綜合醫院及其大甲院區,安寧病房,N2,安寧,1:7-8,1:11-12,1:13-15,1:16-17,1:13-15,1:18-19,兩班制,無,400,無,1000,是,假日白天待命，被叫回才算加班費,佔床（下來當主護），有空協助其他同事,無,,1 個月內,不排夜班,1-2 小時,45-50,合理範圍給,1,4,95,40,14,員工健檢自費項目補助,3,普通,2,人力嚴重不足,allow,,allow,,allow,
2025-09-20,彰化縣,區域醫院,秀傳醫療財團法人彰濱秀傳紀念醫院,11A 外科病房,N3,外科,1:9-10,1:9-10,1:11-12,1:11-12,1:13-15,1:13-15,三班制,500,200,800,1000,否,,不佔床，需協助功能性護理,,,,到職 3 個月內,無,55-60,一律不給,4,6,107,45,16,,3,難以升遷,1,leader 形同虛設,allow,,,,,
2025-09-20,台北市,區域醫院,基督復臨安息日會醫療財團法人臺安醫院,6C 內科病房,副護理長,內科,1:7-8,1:9-10,1:13-15,1:13-15,1:16-17,1:20 以上,混合制,300,400,無,800,否,,佔床（下來當主護），有空協助其他同事,,,2-3 個月,1 年以上,無,40-45,主管判斷,7,11,108,45,16,醫療費用員工優惠,3,難以升遷,2,工時長到爆,allow,,allow,,,
2025-09-20,台中市,醫學中心,中山醫學大學附設醫院,兒童病房,N3,兒科,1:7-8,1:7-8,1:11-12,1:13-15,1:13-15,1:18-19,兩班制,600,200,1200,無,是,,不佔床，主責行政，少量協助功能性護理,有,白班（D）,1 個月內,1 年以上,無,50-55,一律給,5,11,108,45,16,,4,機會多,3,中部醫院 case 量適中,allow,,,,,
2025-09-20,屏東縣,區域醫院,輔英科技大學附設醫院,綜合病房,N4,婦產科,1:9-10,1:13-15,1:9-10,1:11-12,1:13-15,1:16-17,兩班制,300,600,無,800,否,,不佔床，主責行政，少量協助功能性護理,無,,1 個月內,,4 小時,45-50,合理範圍給,4,9,113,47,17,員工餐廳伙食補助,5,機會多,5,團隊互助強,allow,,allow,,,
2025-09-20,台北市,醫學中心,三軍總醫院附設民眾診療服務處及其汀州院區,安寧病房,N0,安寧,1:7-8,1:11-12,1:9-10,1:13-15,1:11-12,1:13-15,混合制,300,300,1000,無,否,,佔床（下來當主護），有空協助其他同事,,,1-2 個月,1 年以上,1 小時內,50-55,一律給,6,7,97,41,15,托兒補助,4,機會多,3,中部醫院 case 量適中,allow,,allow,,,
2025-09-19 19:04,桃園市,區域醫院,聯新國際醫院,心智科病房,N1,內科,1:7-8,1:7-8,1:13-15,1:18-19,1:13-15,1:18-19,三班制,無,300,800,600,是,平日夜間待命，叫回要 30 分鐘內到院,佔床（下來當主護），有空協助其他同事,,,1 個月內,到職 3 個月內,1-2 小時,40-45,一律給,8,9,88,37,13,年度自強活動,4,普通,3,中部醫院 case 量適中,allow,,allow,,allow,
2025-09-19 16:41,屏東縣,區域醫院,屏基醫療財團法人屏東基督教醫院及其瑞光院區,安寧病房,N1,安寧,1:6 以下,1:9-10,1:13-15,1:18-19,1:13-15,1:18-19,混合制,無,600,600,1000,否,,不佔床，主責行政，少量協助功能性護理,無,,,6-12 個月,2-3 小時,45-50,主管判斷,4,9,82,34,12,,5,機會多,4,兒科氣氛溫暖,allow,,,,,
2025-09-19 12:16,新北市,醫學中心,衛生福利部雙和醫院(委託臺北醫學大學興建經營),嬰兒室,N2,兒科,1:7-8,1:11-12,1:9-10,1:9-10,1:13-15,1:18-19,兩班制,無,400,800,無,是,平日夜間待命，叫回要 30 分鐘內到院,不佔床，主責行政，少量協助功能性護理,無,,2-3 個月,,1 小時內,50-55,合理範圍給,5,10,103,43,15,年度自強活動,4,機會多,3,資深領班受重視,allow,,allow,,allow,
2025-09-19,新竹縣,地區醫院,林醫院,嬰兒室,N0,兒科,1:7-8,1:7-8,1:11-12,1:16-17,1:13-15,1:16-17,兩班制,無,無,500,1000,否,,佔床（下來當主護），有空協助其他同事,有,白班（D）,2-3 個月,,2-3 小時,45-50,一律給,8,11,61,30,9,,3,普通,3,主管管太細,allow,,,,,
2025-09-19,苗栗縣,地區醫院,大眾醫院,腸胃內科病房,N0,內科,1:9-10,1:11-12,1:13-15,1:13-15,1:13-15,1:16-17,三班制,400,600,600,1200,否,,佔床（下來當主護），有空協助其他同事,有,白班（D）、小夜（E）,1 個月內,,,45-50,合理範圍給,3,4,69,30,10,進修學分補助、國外研討會補助,4,機會多,4,,,,allow,,,
2025-09-18 11:58,屏東縣,區域醫院,輔英科技大學附設醫院,腸胃內科病房,N4,內科,1:7-8,1:7-8,1:11-12,1:11-12,1:16-17,1:16-17,三班制,無,無,500,600,是,平日夜間待命，叫回要 30 分鐘內到院,不佔床，主責行政，少量協助功能性護理,,,,,,45-50,主管判斷,2,6,111,47,17,,3,普通,3,兒科氣氛溫暖,allow,,,,allow,
2025-09-18 08:06,台中市,醫學中心,中國醫藥大學附設醫院,婦產科病房,護理長,外科,1:9-10,1:9-10,1:11-12,1:11-12,1:16-17,1:18-19,三班制,500,200,800,無,否,,不佔床，需協助功能性護理,無,,不一定,1 年以上,,45-50,合理範圍給,1,7,133,56,20,,3,機會多,3,兒科氣氛溫暖,allow,,,,,
2025-09-18 08:04,新北市,醫學中心,佛教慈濟醫療財團法人台北慈濟醫院,5A 內科病房,N2,內科,1:9-10,1:11-12,1:13-15,1:18-19,1:13-15,1:16-17,兩班制,300,500,1200,無,是,假日白天待命，被叫回才算加班費,不佔床，主責行政，少量協助功能性護理,,,1-2 個月,3-6 個月,,50-55,合理範圍給,5,5,102,43,15,,3,普通,3,專科很強值得待,allow,,,,allow,
2025-09-18,新北市,醫學中心,衛生福利部雙和醫院(委託臺北醫學大學興建經營),綜合病房,護理長,婦產科,1:7-8,1:11-12,1:11-12,1:11-12,1:13-15,1:18-19,混合制,無,無,1000,無,是,約兩週輪一次，下班後待命到隔天早上，被叫回一個月約 1-2 次，有 on call 費,不佔床，主責行政，少量協助功能性護理,有,白班（D）、小夜（E）,1-2 個月,,無,40-45,主管判斷,4,7,130,55,20,,3,機會多,3,安寧團隊互相 support,allow,,,,allow,
2025-09-18,高雄市,醫學中心,義大醫療財團法人義大醫院,8B 外科病房,N1,外科,1:7-8,1:9-10,1:13-15,1:13-15,1:13-15,1:13-15,三班制,250,600,800,無,否,,佔床（下來當主護），有空協助其他同事,有,大夜（N）,不一定,不排夜班,,45-50,一律給,4,10,105,44,16,進修學分補助、國外研討會補助,4,普通,3,可學到很多技術,allow,,allow,,,
2025-09-18,高雄市,區域醫院,國軍左營總醫院附設民眾診療服務處,心臟外科病房,副護理長,外科,1:7-8,1:11-12,1:11-12,1:13-15,1:16-17,1:20 以上,兩班制,250,500,1200,400,否,,不佔床，需協助功能性護理,,,1-2 個月,3-6 個月,4 小時,40-45,一律給,6,12,116,49,17,托兒補助,3,普通,3,,,,allow,,,
2025-09-18,台中市,診所,JJ 診所,產後病房,N4,外科,1:7-8,1:7-8,1:13-15,1:16-17,1:11-12,1:16-17,混合制,400,250,1200,500,是,假日白天待命，被叫回才算加班費,佔床（下來當主護），有空協助其他同事,無,,3 個月以上,6-12 個月,1-2 小時,45-50,一律給,8,14,91,38,14,,4,機會多,4,薪資與制度都優,allow,,,,allow,
2025-09-18,新北市,區域醫院,新北市立聯合醫院及其板橋院區,10B 內科病房,N2,內科,1:9-10,1:9-10,1:9-10,1:11-12,1:16-17,1:16-17,三班制,無,無,600,600,否,,不佔床，需協助功能性護理,無,,1 個月內,,2-3 小時,50-55,一律給,4,4,96,40,14,宿舍（單人房）,4,機會多,3,人力穩定但行政會議多,allow,,allow,,,
2025-09-18,嘉義市,診所,NN 診所,心智科病房,N2,綜合（混合科）,1:7-8,1:7-8,1:13-15,1:13-15,1:13-15,1:16-17,兩班制,500,600,400,1000,否,,不佔床，主責行政，少量協助功能性護理,,,1 個月內,6-12 個月,,45-50,合理範圍給,8,13,76,32,11,,3,難以升遷,2,工時長到爆,allow,,,,,
2025-09-17 23:03,澎湖縣,地區醫院,三軍總醫院澎湖分院附設民眾診療服務處,5A 內科病房,N1,內科,1:6 以下,1:7-8,1:11-12,1:16-17,1:13-15,1:16-17,兩班制,無,400,800,500,否,,不佔床，需協助功能性護理,無,,不一定,,1 小時內,45-50,一律給,5,9,76,32,11,,3,難以升遷,2,新人訓練紮實,allow,,,,,
2025-09-17 15:37,台北市,區域醫院,臺北市立聯合醫院中興院區,精神科病房,副護理長,婦產科,1:9-10,1:9-10,1:11-12,1:16-17,1:13-15,1:16-17,混合制,無,250,1200,1200,否,,不佔床，主責行政，少量協助功能性護理,有,白班（D）,1-2 個月,到職 3 個月內,無,45-50,一律給,2,4,117,49,18,托兒補助,4,普通,3,案件多但學得快,allow,,allow,,,
2025-09-17 13:51,台北市,區域醫院,臺北市立聯合醫院中興院區,兒科病房,N1,兒科,1:9-10,1:13-15,1:13-15,1:13-15,1:13-15,1:13-15,兩班制,300,無,1200,無,是,,佔床（下來當主護），有空協助其他同事,無,,1-2 個月,,無,50-55,合理範圍給,1,7,90,38,14,,4,普通,3,資深領班受重視,allow,,,,,
2025-09-17,新竹縣,地區醫院,中國醫藥大學新竹附設醫院,6C 內科病房,副護理長,內科,1:7-8,1:9-10,1:13-15,1:18-19,1:13-15,1:16-17,混合制,無,無,無,400,是,假日白天待命，被叫回才算加班費,佔床（下來當主護），有空協助其他同事,無,,,,無,45-50,主管判斷,1,5,97,41,15,生日禮金、三節禮券,5,機會多,4,主管支持度高,allow,,allow,,allow,
2025-09-17,台中市,區域醫院,林新醫療社團法人林新醫院,婦產科病房,N1,內科,1:7-8,1:11-12,1:11-12,1:16-17,1:13-15,1:16-17,兩班制,300,400,500,400,否,,不佔床，主責行政，少量協助功能性護理,無,,3 個月以上,3-6 個月,無,45-50,主管判斷,8,14,88,37,13,,3,普通,2,新人零保護,allow,,,,,
2025-09-17,新北市,醫學中心,佛教慈濟醫療財團法人台北慈濟醫院,綜合病房,N1,外科,1:7-8,1:11-12,1:13-15,1:16-17,1:13-15,1:16-17,兩班制,500,200,600,1000,否,,不佔床，需協助功能性護理,無,,,不排夜班,1-2 小時,45-50,主管判斷,4,6,95,40,14,,4,機會多,4,訓練體系完整,allow,,,,,
2025-09-17,南投縣,診所,GG 診所,嬰兒室,N1,兒科,1:9-10,1:11-12,1:9-10,1:13-15,1:13-15,1:16-17,兩班制,300,250,無,800,否,,不佔床，主責行政，少量協助功能性護理,,,1 個月內,不排夜班,1 小時內,55-60,主管判斷,1,3,71,30,11,,4,普通,3,加班頻率可接受,allow,,,,,
2025-09-17,台北市,醫學中心,長庚醫療財團法人台北長庚紀念醫院,安寧病房,N4,安寧,1:7-8,1:7-8,1:13-15,1:13-15,1:13-15,1:13-15,混合制,300,無,無,1200,否,,不佔床，主責行政，少量協助功能性護理,有,白班（D）、小夜（E）、大夜（N）,,到職 3 個月內,4 小時,45-50,主管判斷,5,7,135,57,20,,4,機會多,5,,,,,,,
2025-09-17,台中市,區域醫院,仁愛醫療財團法人大里仁愛醫院,5A 內科病房,N0,內科,1:9-10,1:11-12,1:11-12,1:11-12,1:13-15,1:13-15,三班制,250,600,500,800,否,,不佔床，主責行政，少量協助功能性護理,有,白班（D）、小夜（E）、大夜（N）,,6-12 個月,,45-50,一律給,2,3,81,34,12,,4,機會多,3,加班頻率可接受,allow,,,,,
2025-09-16 14:47,屏東縣,地區醫院,枋寮醫療社團法人枋寮醫院,6C 內科病房,護理長,內科,1:7-8,1:9-10,1:13-15,1:16-17,1:11-12,1:16-17,三班制,500,無,600,500,是,每月輪 3-4 次，被叫回頻率低，沒有 on call 費只能補休,不佔床，需協助功能性護理,無,,3 個月以上,1 年以上,1 小時內,45-50,合理範圍給,2,5,103,43,15,,4,普通,4,專科很強值得待,allow,,,,allow,
2025-09-16 14:25,新北市,區域醫院,天主教耕莘醫療財團法人耕莘醫院,5A 內科病房,N2,內科,1:7-8,1:9-10,1:13-15,1:13-15,1:13-15,1:13-15,混合制,600,250,1000,500,否,,不佔床，主責行政，少量協助功能性護理,無,,3 個月以上,3-6 個月,4 小時,40-45,一律給,2,2,86,36,13,進修學分補助、國外研討會補助,3,機會多,3,主管支持度高,allow,,allow,,,
2025-09-16 12:19,台北市,醫學中心,臺北市立萬芳醫院-委託臺北醫學大學辦理,腸胃內科病房,N1,內科,1:7-8,1:11-12,1:11-12,1:11-12,1:11-12,1:16-17,兩班制,500,無,400,600,是,,佔床（下來當主護），有空協助其他同事,無,,1 個月內,到職 3 個月內,無,40-45,主管判斷,4,10,107,45,16,托兒補助,4,機會多,4,,,,allow,,,
2025-09-16 11:36,新北市,區域醫院,新北市立土城醫院(委託長庚醫療財團法人興建經營),產後病房,N3,外科,1:7-8,1:9-10,1:13-15,1:13-15,1:11-12,1:11-12,兩班制,無,無,400,無,否,,不佔床，需協助功能性護理,,,3 個月以上,,,40-45,主管判斷,3,6,93,39,14,,4,機會多,4,團隊互助強,allow,,,,,
2025-09-16 09:59,台中市,區域醫院,仁愛醫療財團法人大里仁愛醫院,腸胃內科病房,N2,內科,1:7-8,1:11-12,1:11-12,1:13-15,1:16-17,1:16-17,兩班制,600,250,1200,無,否,,佔床（下來當主護），有空協助其他同事,,,1-2 個月,,,45-50,主管判斷,2,2,95,40,14,,5,機會多,5,氣氛輕鬆,allow,,,,,
